ลำดับที่,รหัสสถานี,ที่ตั้งสถานี,จังหวัด,วันที่ตรวจวัดสภาพอากาศ,ค่าตรวจวัด,ประเภทข้อมูล
1,552301,นครศรีธรรมราช,นครศรีธรรมราช,1/1/2017,92.00,ความชื้นสัมพัทธ์
2,552301,นครศรีธรรมราช,นครศรีธรรมราช,1/1/2017,14.00,ความเร็วลมสุงสุด
3,552301,นครศรีธรรมราช,นครศรีธรรมราช,1/1/2017,0.00,ปริมาณฝน
4,552301,นครศรีธรรมราช,นครศรีธรรมราช,1/5/2017,85.00,ความชื้นสัมพัทธ์
5,552301,นครศรีธรรมราช,นครศรีธรรมราช,1/5/2017,10.00,ความเร็วลมสุงสุด
6,552301,นครศรีธรรมราช,นครศรีธรรมราช,1/5/2017,0.00,ปริมาณฝน
7,552301,นครศรีธรรมราช,นครศรีธรรมราช,1/11/2017,96.00,ความชื้นสัมพัทธ์
8,552301,นครศรีธรรมราช,นครศรีธรรมราช,1/11/2017,0.00,ปริมาณฝน
9,552301,นครศรีธรรมราช,นครศรีธรรมราช,2/2/2017,87.00,ความชื้นสัมพัทธ์
10,552301,นครศรีธรรมราช,นครศรีธรรมราช,2/2/2017,10.00,ความเร็วลมสุงสุด
11,552301,นครศรีธรรมราช,นครศรีธรรมราช,2/2/2017,0.00,ปริมาณฝน
12,552301,นครศรีธรรมราช,นครศรีธรรมราช,2/4/2017,90.00,ความชื้นสัมพัทธ์
13,552301,นครศรีธรรมราช,นครศรีธรรมราช,2/4/2017,12.00,ความเร็วลมสุงสุด
14,552301,นครศรีธรรมราช,นครศรีธรรมราช,2/4/2017,0.00,ปริมาณฝน
15,552301,นครศรีธรรมราช,นครศรีธรรมราช,3/3/2017,80.00,ความชื้นสัมพัทธ์
16,552301,นครศรีธรรมราช,นครศรีธรรมราช,3/3/2017,6.00,ความเร็วลมสุงสุด
17,552301,นครศรีธรรมราช,นครศรีธรรมราช,3/3/2017,0.00,ปริมาณฝน
18,552301,นครศรีธรรมราช,นครศรีธรรมราช,3/4/2017,97.00,ความชื้นสัมพัทธ์
19,552301,นครศรีธรรมราช,นครศรีธรรมราช,3/4/2017,6.00,ความเร็วลมสุงสุด
20,552301,นครศรีธรรมราช,นครศรีธรรมราช,3/4/2017,0.00,ปริมาณฝน
21,552301,นครศรีธรรมราช,นครศรีธรรมราช,3/5/2017,81.00,ความชื้นสัมพัทธ์
22,552301,นครศรีธรรมราช,นครศรีธรรมราช,3/5/2017,6.00,ความเร็วลมสุงสุด
23,552301,นครศรีธรรมราช,นครศรีธรรมราช,3/5/2017,0.00,ปริมาณฝน
24,552301,นครศรีธรรมราช,นครศรีธรรมราช,3/7/2017,80.00,ความชื้นสัมพัทธ์
25,552301,นครศรีธรรมราช,นครศรีธรรมราช,3/7/2017,0.00,ปริมาณฝน
26,552301,นครศรีธรรมราช,นครศรีธรรมราช,3/8/2017,83.00,ความชื้นสัมพัทธ์
27,552301,นครศรีธรรมราช,นครศรีธรรมราช,3/8/2017,0.00,ปริมาณฝน
28,552301,นครศรีธรรมราช,นครศรีธรรมราช,4/1/2017,92.00,ความชื้นสัมพัทธ์
29,552301,นครศรีธรรมราช,นครศรีธรรมราช,4/1/2017,10.00,ความเร็วลมสุงสุด
30,552301,นครศรีธรรมราช,นครศรีธรรมราช,4/1/2017,27.60,ปริมาณฝน
31,552301,นครศรีธรรมราช,นครศรีธรรมราช,4/8/2017,92.00,ความชื้นสัมพัทธ์
32,552301,นครศรีธรรมราช,นครศรีธรรมราช,4/8/2017,3.90,ปริมาณฝน
33,552301,นครศรีธรรมราช,นครศรีธรรมราช,4/9/2017,83.00,ความชื้นสัมพัทธ์
34,552301,นครศรีธรรมราช,นครศรีธรรมราช,4/9/2017,0.70,ปริมาณฝน
35,552301,นครศรีธรรมราช,นครศรีธรรมราช,4/10/2017,88.00,ความชื้นสัมพัทธ์
36,552301,นครศรีธรรมราช,นครศรีธรรมราช,4/10/2017,2.50,ปริมาณฝน
37,552301,นครศรีธรรมราช,นครศรีธรรมราช,4/11/2017,87.00,ความชื้นสัมพัทธ์
38,552301,นครศรีธรรมราช,นครศรีธรรมราช,4/11/2017,2.20,ปริมาณฝน
39,552301,นครศรีธรรมราช,นครศรีธรรมราช,4/12/2017,97.00,ความชื้นสัมพัทธ์
40,552301,นครศรีธรรมราช,นครศรีธรรมราช,4/12/2017,55.60,ปริมาณฝน
41,552301,นครศรีธรรมราช,นครศรีธรรมราช,5/4/2017,98.00,ความชื้นสัมพัทธ์
42,552301,นครศรีธรรมราช,นครศรีธรรมราช,5/4/2017,10.00,ความเร็วลมสุงสุด
43,552301,นครศรีธรรมราช,นครศรีธรรมราช,5/4/2017,0.00,ปริมาณฝน
44,552301,นครศรีธรรมราช,นครศรีธรรมราช,5/5/2017,89.00,ความชื้นสัมพัทธ์
45,552301,นครศรีธรรมราช,นครศรีธรรมราช,5/5/2017,10.00,ความเร็วลมสุงสุด
46,552301,นครศรีธรรมราช,นครศรีธรรมราช,5/5/2017,0.00,ปริมาณฝน
47,552301,นครศรีธรรมราช,นครศรีธรรมราช,5/7/2017,83.00,ความชื้นสัมพัทธ์
48,552301,นครศรีธรรมราช,นครศรีธรรมราช,5/7/2017,0.00,ปริมาณฝน
49,552301,นครศรีธรรมราช,นครศรีธรรมราช,5/12/2017,96.00,ความชื้นสัมพัทธ์
50,552301,นครศรีธรรมราช,นครศรีธรรมราช,5/12/2017,0.00,ปริมาณฝน
51,552301,นครศรีธรรมราช,นครศรีธรรมราช,6/7/2017,82.00,ความชื้นสัมพัทธ์
52,552301,นครศรีธรรมราช,นครศรีธรรมราช,6/7/2017,1.80,ปริมาณฝน
53,552301,นครศรีธรรมราช,นครศรีธรรมราช,6/8/2017,85.00,ความชื้นสัมพัทธ์
54,552301,นครศรีธรรมราช,นครศรีธรรมราช,6/8/2017,8.30,ปริมาณฝน
55,552301,นครศรีธรรมราช,นครศรีธรรมราช,6/10/2017,87.00,ความชื้นสัมพัทธ์
56,552301,นครศรีธรรมราช,นครศรีธรรมราช,6/10/2017,12.20,ปริมาณฝน
57,552301,นครศรีธรรมราช,นครศรีธรรมราช,6/12/2017,95.00,ความชื้นสัมพัทธ์
58,552301,นครศรีธรรมราช,นครศรีธรรมราช,6/12/2017,14.10,ปริมาณฝน
59,552301,นครศรีธรรมราช,นครศรีธรรมราช,7/11/2017,88.00,ความชื้นสัมพัทธ์
60,552301,นครศรีธรรมราช,นครศรีธรรมราช,7/11/2017,0.00,ปริมาณฝน
61,552301,นครศรีธรรมราช,นครศรีธรรมราช,8/3/2017,84.00,ความชื้นสัมพัทธ์
62,552301,นครศรีธรรมราช,นครศรีธรรมราช,8/3/2017,8.00,ความเร็วลมสุงสุด
63,552301,นครศรีธรรมราช,นครศรีธรรมราช,8/3/2017,0.00,ปริมาณฝน
64,552301,นครศรีธรรมราช,นครศรีธรรมราช,8/8/2017,88.00,ความชื้นสัมพัทธ์
65,552301,นครศรีธรรมราช,นครศรีธรรมราช,8/8/2017,37.70,ปริมาณฝน
66,552301,นครศรีธรรมราช,นครศรีธรรมราช,9/5/2017,88.00,ความชื้นสัมพัทธ์
67,552301,นครศรีธรรมราช,นครศรีธรรมราช,9/5/2017,6.00,ความเร็วลมสุงสุด
68,552301,นครศรีธรรมราช,นครศรีธรรมราช,9/5/2017,0.00,ปริมาณฝน
69,552301,นครศรีธรรมราช,นครศรีธรรมราช,10/5/2017,88.00,ความชื้นสัมพัทธ์
70,552301,นครศรีธรรมราช,นครศรีธรรมราช,10/5/2017,6.00,ความเร็วลมสุงสุด
71,552301,นครศรีธรรมราช,นครศรีธรรมราช,10/5/2017,7.60,ปริมาณฝน
72,552301,นครศรีธรรมราช,นครศรีธรรมราช,12/6/2017,82.00,ความชื้นสัมพัทธ์
73,552301,นครศรีธรรมราช,นครศรีธรรมราช,12/6/2017,0.20,ปริมาณฝน
74,552301,นครศรีธรรมราช,นครศรีธรรมราช,12/12/2017,86.00,ความชื้นสัมพัทธ์
75,552301,นครศรีธรรมราช,นครศรีธรรมราช,12/12/2017,0.00,ปริมาณฝน
76,552301,นครศรีธรรมราช,นครศรีธรรมราช,13/1/2017,88.00,ความชื้นสัมพัทธ์
77,552301,นครศรีธรรมราช,นครศรีธรรมราช,13/1/2017,4.00,ความเร็วลมสุงสุด
78,552301,นครศรีธรรมราช,นครศรีธรรมราช,13/1/2017,0.00,ปริมาณฝน
79,552301,นครศรีธรรมราช,นครศรีธรรมราช,13/3/2017,83.00,ความชื้นสัมพัทธ์
80,552301,นครศรีธรรมราช,นครศรีธรรมราช,13/3/2017,12.00,ความเร็วลมสุงสุด
81,552301,นครศรีธรรมราช,นครศรีธรรมราช,13/3/2017,0.00,ปริมาณฝน
82,552301,นครศรีธรรมราช,นครศรีธรรมราช,13/10/2017,87.00,ความชื้นสัมพัทธ์
83,552301,นครศรีธรรมราช,นครศรีธรรมราช,13/10/2017,0.00,ปริมาณฝน
84,552301,นครศรีธรรมราช,นครศรีธรรมราช,14/5/2017,85.00,ความชื้นสัมพัทธ์
85,552301,นครศรีธรรมราช,นครศรีธรรมราช,14/5/2017,0.00,ความเร็วลมสุงสุด
86,552301,นครศรีธรรมราช,นครศรีธรรมราช,14/5/2017,0.00,ปริมาณฝน
87,552301,นครศรีธรรมราช,นครศรีธรรมราช,14/9/2017,85.00,ความชื้นสัมพัทธ์
88,552301,นครศรีธรรมราช,นครศรีธรรมราช,14/9/2017,0.00,ปริมาณฝน
89,552301,นครศรีธรรมราช,นครศรีธรรมราช,14/10/2017,86.00,ความชื้นสัมพัทธ์
90,552301,นครศรีธรรมราช,นครศรีธรรมราช,14/10/2017,0.00,ปริมาณฝน
91,552301,นครศรีธรรมราช,นครศรีธรรมราช,14/12/2017,88.00,ความชื้นสัมพัทธ์
92,552301,นครศรีธรรมราช,นครศรีธรรมราช,14/12/2017,0.00,ปริมาณฝน
93,552301,นครศรีธรรมราช,นครศรีธรรมราช,15/3/2017,82.00,ความชื้นสัมพัทธ์
94,552301,นครศรีธรรมราช,นครศรีธรรมราช,15/3/2017,6.00,ความเร็วลมสุงสุด
95,552301,นครศรีธรรมราช,นครศรีธรรมราช,15/3/2017,0.00,ปริมาณฝน
96,552301,นครศรีธรรมราช,นครศรีธรรมราช,15/6/2017,87.00,ความชื้นสัมพัทธ์
97,552301,นครศรีธรรมราช,นครศรีธรรมราช,15/6/2017,0.00,ปริมาณฝน
98,552301,นครศรีธรรมราช,นครศรีธรรมราช,15/7/2017,85.00,ความชื้นสัมพัทธ์
99,552301,นครศรีธรรมราช,นครศรีธรรมราช,15/7/2017,0.00,ปริมาณฝน
100,552301,นครศรีธรรมราช,นครศรีธรรมราช,1/7/2017,89.00,ความชื้นสัมพัทธ์
101,552301,นครศรีธรรมราช,นครศรีธรรมราช,1/7/2017,0.00,ปริมาณฝน
102,552301,นครศรีธรรมราช,นครศรีธรรมราช,2/3/2017,83.00,ความชื้นสัมพัทธ์
103,552301,นครศรีธรรมราช,นครศรีธรรมราช,2/3/2017,12.00,ความเร็วลมสุงสุด
104,552301,นครศรีธรรมราช,นครศรีธรรมราช,2/3/2017,0.00,ปริมาณฝน
105,552301,นครศรีธรรมราช,นครศรีธรรมราช,2/5/2017,84.00,ความชื้นสัมพัทธ์
106,552301,นครศรีธรรมราช,นครศรีธรรมราช,2/5/2017,6.00,ความเร็วลมสุงสุด
107,552301,นครศรีธรรมราช,นครศรีธรรมราช,2/5/2017,0.00,ปริมาณฝน
108,552301,นครศรีธรรมราช,นครศรีธรรมราช,2/10/2017,90.00,ความชื้นสัมพัทธ์
109,552301,นครศรีธรรมราช,นครศรีธรรมราช,2/10/2017,0.00,ปริมาณฝน
110,552301,นครศรีธรรมราช,นครศรีธรรมราช,3/2/2017,91.00,ความชื้นสัมพัทธ์
111,552301,นครศรีธรรมราช,นครศรีธรรมราช,3/2/2017,10.00,ความเร็วลมสุงสุด
112,552301,นครศรีธรรมราช,นครศรีธรรมราช,3/2/2017,0.00,ปริมาณฝน
113,552301,นครศรีธรรมราช,นครศรีธรรมราช,3/6/2017,82.00,ความชื้นสัมพัทธ์
114,552301,นครศรีธรรมราช,นครศรีธรรมราช,3/6/2017,0.00,ปริมาณฝน
115,552301,นครศรีธรรมราช,นครศรีธรรมราช,3/11/2017,97.00,ความชื้นสัมพัทธ์
116,552301,นครศรีธรรมราช,นครศรีธรรมราช,3/11/2017,0.00,ปริมาณฝน
117,552301,นครศรีธรรมราช,นครศรีธรรมราช,3/12/2017,96.00,ความชื้นสัมพัทธ์
118,552301,นครศรีธรรมราช,นครศรีธรรมราช,3/12/2017,0.00,ปริมาณฝน
119,552301,นครศรีธรรมราช,นครศรีธรรมราช,4/2/2017,89.00,ความชื้นสัมพัทธ์
120,552301,นครศรีธรรมราช,นครศรีธรรมราช,4/2/2017,10.00,ความเร็วลมสุงสุด
121,552301,นครศรีธรรมราช,นครศรีธรรมราช,4/2/2017,0.00,ปริมาณฝน
122,552301,นครศรีธรรมราช,นครศรีธรรมราช,4/3/2017,83.00,ความชื้นสัมพัทธ์
123,552301,นครศรีธรรมราช,นครศรีธรรมราช,4/3/2017,8.00,ความเร็วลมสุงสุด
124,552301,นครศรีธรรมราช,นครศรีธรรมราช,4/3/2017,0.00,ปริมาณฝน
125,552301,นครศรีธรรมราช,นครศรีธรรมราช,4/7/2017,82.00,ความชื้นสัมพัทธ์
126,552301,นครศรีธรรมราช,นครศรีธรรมราช,4/7/2017,0.70,ปริมาณฝน
127,552301,นครศรีธรรมราช,นครศรีธรรมราช,5/1/2017,98.00,ความชื้นสัมพัทธ์
128,552301,นครศรีธรรมราช,นครศรีธรรมราช,5/1/2017,10.00,ความเร็วลมสุงสุด
129,552301,นครศรีธรรมราช,นครศรีธรรมราช,5/1/2017,0.00,ปริมาณฝน
130,552301,นครศรีธรรมราช,นครศรีธรรมราช,5/10/2017,88.00,ความชื้นสัมพัทธ์
131,552301,นครศรีธรรมราช,นครศรีธรรมราช,5/10/2017,0.00,ปริมาณฝน
132,552301,นครศรีธรรมราช,นครศรีธรรมราช,6/4/2017,98.00,ความชื้นสัมพัทธ์
133,552301,นครศรีธรรมราช,นครศรีธรรมราช,6/4/2017,10.00,ความเร็วลมสุงสุด
134,552301,นครศรีธรรมราช,นครศรีธรรมราช,6/4/2017,28.10,ปริมาณฝน
135,552301,นครศรีธรรมราช,นครศรีธรรมราช,6/5/2017,84.00,ความชื้นสัมพัทธ์
136,552301,นครศรีธรรมราช,นครศรีธรรมราช,6/5/2017,10.00,ความเร็วลมสุงสุด
137,552301,นครศรีธรรมราช,นครศรีธรรมราช,6/5/2017,0.00,ปริมาณฝน
138,552301,นครศรีธรรมราช,นครศรีธรรมราช,6/11/2017,88.00,ความชื้นสัมพัทธ์
139,552301,นครศรีธรรมราช,นครศรีธรรมราช,6/11/2017,0.80,ปริมาณฝน
140,552301,นครศรีธรรมราช,นครศรีธรรมราช,7/1/2017,98.00,ความชื้นสัมพัทธ์
141,552301,นครศรีธรรมราช,นครศรีธรรมราช,7/1/2017,8.00,ความเร็วลมสุงสุด
142,552301,นครศรีธรรมราช,นครศรีธรรมราช,7/1/2017,0.00,ปริมาณฝน
143,552301,นครศรีธรรมราช,นครศรีธรรมราช,7/3/2017,84.00,ความชื้นสัมพัทธ์
144,552301,นครศรีธรรมราช,นครศรีธรรมราช,7/3/2017,8.00,ความเร็วลมสุงสุด
145,552301,นครศรีธรรมราช,นครศรีธรรมราช,7/3/2017,0.00,ปริมาณฝน
146,552301,นครศรีธรรมราช,นครศรีธรรมราช,7/5/2017,85.00,ความชื้นสัมพัทธ์
147,552301,นครศรีธรรมราช,นครศรีธรรมราช,7/5/2017,8.00,ความเร็วลมสุงสุด
148,552301,นครศรีธรรมราช,นครศรีธรรมราช,7/5/2017,0.00,ปริมาณฝน
149,552301,นครศรีธรรมราช,นครศรีธรรมราช,7/8/2017,85.00,ความชื้นสัมพัทธ์
150,552301,นครศรีธรรมราช,นครศรีธรรมราช,7/8/2017,0.00,ปริมาณฝน
151,552301,นครศรีธรรมราช,นครศรีธรรมราช,7/9/2017,85.00,ความชื้นสัมพัทธ์
152,552301,นครศรีธรรมราช,นครศรีธรรมราช,7/9/2017,0.00,ปริมาณฝน
153,552301,นครศรีธรรมราช,นครศรีธรรมราช,7/10/2017,88.00,ความชื้นสัมพัทธ์
154,552301,นครศรีธรรมราช,นครศรีธรรมราช,7/10/2017,0.00,ปริมาณฝน
155,552301,นครศรีธรรมราช,นครศรีธรรมราช,8/6/2017,75.00,ความชื้นสัมพัทธ์
156,552301,นครศรีธรรมราช,นครศรีธรรมราช,8/6/2017,0.00,ปริมาณฝน
157,552301,นครศรีธรรมราช,นครศรีธรรมราช,9/2/2017,84.00,ความชื้นสัมพัทธ์
158,552301,นครศรีธรรมราช,นครศรีธรรมราช,9/2/2017,4.00,ความเร็วลมสุงสุด
159,552301,นครศรีธรรมราช,นครศรีธรรมราช,9/2/2017,0.00,ปริมาณฝน
160,552301,นครศรีธรรมราช,นครศรีธรรมราช,9/4/2017,84.00,ความชื้นสัมพัทธ์
161,552301,นครศรีธรรมราช,นครศรีธรรมราช,9/4/2017,6.00,ความเร็วลมสุงสุด
162,552301,นครศรีธรรมราช,นครศรีธรรมราช,9/4/2017,0.00,ปริมาณฝน
163,552301,นครศรีธรรมราช,นครศรีธรรมราช,9/10/2017,86.00,ความชื้นสัมพัทธ์
164,552301,นครศรีธรรมราช,นครศรีธรรมราช,9/10/2017,0.00,ปริมาณฝน
165,552301,นครศรีธรรมราช,นครศรีธรรมราช,10/3/2017,82.00,ความชื้นสัมพัทธ์
166,552301,นครศรีธรรมราช,นครศรีธรรมราช,10/3/2017,10.00,ความเร็วลมสุงสุด
167,552301,นครศรีธรรมราช,นครศรีธรรมราช,10/3/2017,0.00,ปริมาณฝน
168,552301,นครศรีธรรมราช,นครศรีธรรมราช,10/6/2017,75.00,ความชื้นสัมพัทธ์
169,552301,นครศรีธรรมราช,นครศรีธรรมราช,10/6/2017,0.00,ปริมาณฝน
170,552301,นครศรีธรรมราช,นครศรีธรรมราช,10/7/2017,83.00,ความชื้นสัมพัทธ์
171,552301,นครศรีธรรมราช,นครศรีธรรมราช,10/7/2017,0.00,ปริมาณฝน
172,552301,นครศรีธรรมราช,นครศรีธรรมราช,11/3/2017,81.00,ความชื้นสัมพัทธ์
173,552301,นครศรีธรรมราช,นครศรีธรรมราช,11/3/2017,10.00,ความเร็วลมสุงสุด
174,552301,นครศรีธรรมราช,นครศรีธรรมราช,11/3/2017,0.00,ปริมาณฝน
175,552301,นครศรีธรรมราช,นครศรีธรรมราช,11/4/2017,83.00,ความชื้นสัมพัทธ์
176,552301,นครศรีธรรมราช,นครศรีธรรมราช,11/4/2017,6.00,ความเร็วลมสุงสุด
177,552301,นครศรีธรรมราช,นครศรีธรรมราช,11/4/2017,0.00,ปริมาณฝน
178,552301,นครศรีธรรมราช,นครศรีธรรมราช,11/5/2017,89.00,ความชื้นสัมพัทธ์
179,552301,นครศรีธรรมราช,นครศรีธรรมราช,11/5/2017,0.00,ความเร็วลมสุงสุด
180,552301,นครศรีธรรมราช,นครศรีธรรมราช,11/5/2017,4.10,ปริมาณฝน
181,552301,นครศรีธรรมราช,นครศรีธรรมราช,11/6/2017,79.00,ความชื้นสัมพัทธ์
182,552301,นครศรีธรรมราช,นครศรีธรรมราช,11/6/2017,0.00,ปริมาณฝน
183,552301,นครศรีธรรมราช,นครศรีธรรมราช,11/9/2017,90.00,ความชื้นสัมพัทธ์
184,552301,นครศรีธรรมราช,นครศรีธรรมราช,11/9/2017,0.20,ปริมาณฝน
185,552301,นครศรีธรรมราช,นครศรีธรรมราช,11/12/2017,87.00,ความชื้นสัมพัทธ์
186,552301,นครศรีธรรมราช,นครศรีธรรมราช,11/12/2017,0.00,ปริมาณฝน
187,552301,นครศรีธรรมราช,นครศรีธรรมราช,12/1/2017,88.00,ความชื้นสัมพัทธ์
188,552301,นครศรีธรรมราช,นครศรีธรรมราช,12/1/2017,8.00,ความเร็วลมสุงสุด
189,552301,นครศรีธรรมราช,นครศรีธรรมราช,12/1/2017,4.50,ปริมาณฝน
190,552301,นครศรีธรรมราช,นครศรีธรรมราช,12/2/2017,95.00,ความชื้นสัมพัทธ์
191,552301,นครศรีธรรมราช,นครศรีธรรมราช,12/2/2017,6.00,ความเร็วลมสุงสุด
192,552301,นครศรีธรรมราช,นครศรีธรรมราช,12/2/2017,9.60,ปริมาณฝน
193,552301,นครศรีธรรมราช,นครศรีธรรมราช,12/4/2017,83.00,ความชื้นสัมพัทธ์
194,552301,นครศรีธรรมราช,นครศรีธรรมราช,12/4/2017,12.00,ความเร็วลมสุงสุด
195,552301,นครศรีธรรมราช,นครศรีธรรมราช,12/4/2017,0.00,ปริมาณฝน
196,552301,นครศรีธรรมราช,นครศรีธรรมราช,12/8/2017,82.00,ความชื้นสัมพัทธ์
197,552301,นครศรีธรรมราช,นครศรีธรรมราช,12/8/2017,0.00,ปริมาณฝน
198,552301,นครศรีธรรมราช,นครศรีธรรมราช,13/2/2017,88.00,ความชื้นสัมพัทธ์
199,552301,นครศรีธรรมราช,นครศรีธรรมราช,13/2/2017,12.00,ความเร็วลมสุงสุด
200,552301,นครศรีธรรมราช,นครศรีธรรมราช,13/2/2017,0.00,ปริมาณฝน
201,552301,นครศรีธรรมราช,นครศรีธรรมราช,13/4/2017,85.00,ความชื้นสัมพัทธ์
202,552301,นครศรีธรรมราช,นครศรีธรรมราช,13/4/2017,8.00,ความเร็วลมสุงสุด
203,552301,นครศรีธรรมราช,นครศรีธรรมราช,13/4/2017,0.00,ปริมาณฝน
204,552301,นครศรีธรรมราช,นครศรีธรรมราช,13/11/2017,88.00,ความชื้นสัมพัทธ์
205,552301,นครศรีธรรมราช,นครศรีธรรมราช,13/11/2017,0.00,ปริมาณฝน
206,552301,นครศรีธรรมราช,นครศรีธรรมราช,13/12/2017,88.00,ความชื้นสัมพัทธ์
207,552301,นครศรีธรรมราช,นครศรีธรรมราช,13/12/2017,0.00,ปริมาณฝน
208,552301,นครศรีธรรมราช,นครศรีธรรมราช,14/1/2017,85.00,ความชื้นสัมพัทธ์
209,552301,นครศรีธรรมราช,นครศรีธรรมราช,14/1/2017,8.00,ความเร็วลมสุงสุด
210,552301,นครศรีธรรมราช,นครศรีธรรมราช,14/1/2017,0.00,ปริมาณฝน
211,552301,นครศรีธรรมราช,นครศรีธรรมราช,14/3/2017,82.00,ความชื้นสัมพัทธ์
212,552301,นครศรีธรรมราช,นครศรีธรรมราช,14/3/2017,8.00,ความเร็วลมสุงสุด
213,552301,นครศรีธรรมราช,นครศรีธรรมราช,14/3/2017,0.00,ปริมาณฝน
214,552301,นครศรีธรรมราช,นครศรีธรรมราช,14/4/2017,82.00,ความชื้นสัมพัทธ์
215,552301,นครศรีธรรมราช,นครศรีธรรมราช,14/4/2017,6.00,ความเร็วลมสุงสุด
216,552301,นครศรีธรรมราช,นครศรีธรรมราช,14/4/2017,0.00,ปริมาณฝน
217,552301,นครศรีธรรมราช,นครศรีธรรมราช,1/2/2017,93.00,ความชื้นสัมพัทธ์
218,552301,นครศรีธรรมราช,นครศรีธรรมราช,1/2/2017,10.00,ความเร็วลมสุงสุด
219,552301,นครศรีธรรมราช,นครศรีธรรมราช,1/2/2017,0.00,ปริมาณฝน
220,552301,นครศรีธรรมราช,นครศรีธรรมราช,1/3/2017,84.00,ความชื้นสัมพัทธ์
221,552301,นครศรีธรรมราช,นครศรีธรรมราช,1/3/2017,10.00,ความเร็วลมสุงสุด
222,552301,นครศรีธรรมราช,นครศรีธรรมราช,1/3/2017,0.00,ปริมาณฝน
223,552301,นครศรีธรรมราช,นครศรีธรรมราช,1/9/2017,90.00,ความชื้นสัมพัทธ์
224,552301,นครศรีธรรมราช,นครศรีธรรมราช,1/9/2017,0.00,ปริมาณฝน
225,552301,นครศรีธรรมราช,นครศรีธรรมราช,2/6/2017,81.00,ความชื้นสัมพัทธ์
226,552301,นครศรีธรรมราช,นครศรีธรรมราช,2/6/2017,0.00,ปริมาณฝน
227,552301,นครศรีธรรมราช,นครศรีธรรมราช,2/7/2017,84.00,ความชื้นสัมพัทธ์
228,552301,นครศรีธรรมราช,นครศรีธรรมราช,2/7/2017,0.00,ปริมาณฝน
229,552301,นครศรีธรรมราช,นครศรีธรรมราช,2/11/2017,95.00,ความชื้นสัมพัทธ์
230,552301,นครศรีธรรมราช,นครศรีธรรมราช,2/11/2017,0.00,ปริมาณฝน
231,552301,นครศรีธรรมราช,นครศรีธรรมราช,3/10/2017,89.00,ความชื้นสัมพัทธ์
232,552301,นครศรีธรรมราช,นครศรีธรรมราช,3/10/2017,0.00,ปริมาณฝน
233,552301,นครศรีธรรมราช,นครศรีธรรมราช,4/4/2017,94.00,ความชื้นสัมพัทธ์
234,552301,นครศรีธรรมราช,นครศรีธรรมราช,4/4/2017,8.00,ความเร็วลมสุงสุด
235,552301,นครศรีธรรมราช,นครศรีธรรมราช,4/4/2017,16.70,ปริมาณฝน
236,552301,นครศรีธรรมราช,นครศรีธรรมราช,4/5/2017,82.00,ความชื้นสัมพัทธ์
237,552301,นครศรีธรรมราช,นครศรีธรรมราช,4/5/2017,6.00,ความเร็วลมสุงสุด
238,552301,นครศรีธรรมราช,นครศรีธรรมราช,4/5/2017,0.00,ปริมาณฝน
239,552301,นครศรีธรรมราช,นครศรีธรรมราช,5/8/2017,82.00,ความชื้นสัมพัทธ์
240,552301,นครศรีธรรมราช,นครศรีธรรมราช,5/8/2017,0.00,ปริมาณฝน
241,552301,นครศรีธรรมราช,นครศรีธรรมราช,5/9/2017,81.00,ความชื้นสัมพัทธ์
242,552301,นครศรีธรรมราช,นครศรีธรรมราช,5/9/2017,0.00,ปริมาณฝน
243,552301,นครศรีธรรมราช,นครศรีธรรมราช,5/11/2017,84.00,ความชื้นสัมพัทธ์
244,552301,นครศรีธรรมราช,นครศรีธรรมราช,5/11/2017,0.00,ปริมาณฝน
245,552301,นครศรีธรรมราช,นครศรีธรรมราช,6/1/2017,99.00,ความชื้นสัมพัทธ์
246,552301,นครศรีธรรมราช,นครศรีธรรมราช,6/1/2017,12.00,ความเร็วลมสุงสุด
247,552301,นครศรีธรรมราช,นครศรีธรรมราช,6/1/2017,159.20,ปริมาณฝน
248,552301,นครศรีธรรมราช,นครศรีธรรมราช,6/3/2017,84.00,ความชื้นสัมพัทธ์
249,552301,นครศรีธรรมราช,นครศรีธรรมราช,6/3/2017,6.00,ความเร็วลมสุงสุด
250,552301,นครศรีธรรมราช,นครศรีธรรมราช,6/3/2017,0.00,ปริมาณฝน
251,552301,นครศรีธรรมราช,นครศรีธรรมราช,6/6/2017,85.00,ความชื้นสัมพัทธ์
252,552301,นครศรีธรรมราช,นครศรีธรรมราช,6/6/2017,0.40,ปริมาณฝน
253,552301,นครศรีธรรมราช,นครศรีธรรมราช,6/9/2017,84.00,ความชื้นสัมพัทธ์
254,552301,นครศรีธรรมราช,นครศรีธรรมราช,6/9/2017,0.60,ปริมาณฝน
255,552301,นครศรีธรรมราช,นครศรีธรรมราช,7/2/2017,88.00,ความชื้นสัมพัทธ์
256,552301,นครศรีธรรมราช,นครศรีธรรมราช,7/2/2017,8.00,ความเร็วลมสุงสุด
257,552301,นครศรีธรรมราช,นครศรีธรรมราช,7/2/2017,0.00,ปริมาณฝน
258,552301,นครศรีธรรมราช,นครศรีธรรมราช,7/4/2017,94.00,ความชื้นสัมพัทธ์
259,552301,นครศรีธรรมราช,นครศรีธรรมราช,7/4/2017,6.00,ความเร็วลมสุงสุด
260,552301,นครศรีธรรมราช,นครศรีธรรมราช,7/4/2017,0.00,ปริมาณฝน
261,552301,นครศรีธรรมราช,นครศรีธรรมราช,7/6/2017,79.00,ความชื้นสัมพัทธ์
262,552301,นครศรีธรรมราช,นครศรีธรรมราช,7/6/2017,0.00,ปริมาณฝน
263,552301,นครศรีธรรมราช,นครศรีธรรมราช,8/1/2017,98.00,ความชื้นสัมพัทธ์
264,552301,นครศรีธรรมราช,นครศรีธรรมราช,8/1/2017,6.00,ความเร็วลมสุงสุด
265,552301,นครศรีธรรมราช,นครศรีธรรมราช,8/1/2017,10.00,ปริมาณฝน
266,552301,นครศรีธรรมราช,นครศรีธรรมราช,8/2/2017,86.00,ความชื้นสัมพัทธ์
267,552301,นครศรีธรรมราช,นครศรีธรรมราช,8/2/2017,10.00,ความเร็วลมสุงสุด
268,552301,นครศรีธรรมราช,นครศรีธรรมราช,8/2/2017,0.00,ปริมาณฝน
269,552301,นครศรีธรรมราช,นครศรีธรรมราช,8/5/2017,84.00,ความชื้นสัมพัทธ์
270,552301,นครศรีธรรมราช,นครศรีธรรมราช,8/5/2017,10.00,ความเร็วลมสุงสุด
271,552301,นครศรีธรรมราช,นครศรีธรรมราช,8/5/2017,0.00,ปริมาณฝน
272,552301,นครศรีธรรมราช,นครศรีธรรมราช,8/7/2017,83.00,ความชื้นสัมพัทธ์
273,552301,นครศรีธรรมราช,นครศรีธรรมราช,8/7/2017,0.00,ปริมาณฝน
274,552301,นครศรีธรรมราช,นครศรีธรรมราช,8/9/2017,84.00,ความชื้นสัมพัทธ์
275,552301,นครศรีธรรมราช,นครศรีธรรมราช,8/9/2017,0.00,ปริมาณฝน
276,552301,นครศรีธรรมราช,นครศรีธรรมราช,8/12/2017,91.00,ความชื้นสัมพัทธ์
277,552301,นครศรีธรรมราช,นครศรีธรรมราช,8/12/2017,0.00,ปริมาณฝน
278,552301,นครศรีธรรมราช,นครศรีธรรมราช,9/6/2017,77.00,ความชื้นสัมพัทธ์
279,552301,นครศรีธรรมราช,นครศรีธรรมราช,9/6/2017,0.00,ปริมาณฝน
280,552301,นครศรีธรรมราช,นครศรีธรรมราช,9/8/2017,88.00,ความชื้นสัมพัทธ์
281,552301,นครศรีธรรมราช,นครศรีธรรมราช,9/8/2017,45.30,ปริมาณฝน
282,552301,นครศรีธรรมราช,นครศรีธรรมราช,9/9/2017,86.00,ความชื้นสัมพัทธ์
283,552301,นครศรีธรรมราช,นครศรีธรรมราช,9/9/2017,0.50,ปริมาณฝน
284,552301,นครศรีธรรมราช,นครศรีธรรมราช,9/12/2017,92.00,ความชื้นสัมพัทธ์
285,552301,นครศรีธรรมราช,นครศรีธรรมราช,9/12/2017,2.50,ปริมาณฝน
286,552301,นครศรีธรรมราช,นครศรีธรรมราช,10/1/2017,91.00,ความชื้นสัมพัทธ์
287,552301,นครศรีธรรมราช,นครศรีธรรมราช,10/1/2017,10.00,ความเร็วลมสุงสุด
288,552301,นครศรีธรรมราช,นครศรีธรรมราช,10/1/2017,42.50,ปริมาณฝน
289,552301,นครศรีธรรมราช,นครศรีธรรมราช,10/2/2017,86.00,ความชื้นสัมพัทธ์
290,552301,นครศรีธรรมราช,นครศรีธรรมราช,10/2/2017,8.00,ความเร็วลมสุงสุด
291,552301,นครศรีธรรมราช,นครศรีธรรมราช,10/2/2017,0.00,ปริมาณฝน
292,552301,นครศรีธรรมราช,นครศรีธรรมราช,10/9/2017,89.00,ความชื้นสัมพัทธ์
293,552301,นครศรีธรรมราช,นครศรีธรรมราช,10/9/2017,26.90,ปริมาณฝน
294,552301,นครศรีธรรมราช,นครศรีธรรมราช,10/10/2017,88.00,ความชื้นสัมพัทธ์
295,552301,นครศรีธรรมราช,นครศรีธรรมราช,10/10/2017,5.40,ปริมาณฝน
296,552301,นครศรีธรรมราช,นครศรีธรรมราช,11/7/2017,85.00,ความชื้นสัมพัทธ์
297,552301,นครศรีธรรมราช,นครศรีธรรมราช,11/7/2017,0.00,ปริมาณฝน
298,552301,นครศรีธรรมราช,นครศรีธรรมราช,11/8/2017,83.00,ความชื้นสัมพัทธ์
299,552301,นครศรีธรรมราช,นครศรีธรรมราช,11/8/2017,0.00,ปริมาณฝน
300,552301,นครศรีธรรมราช,นครศรีธรรมราช,11/11/2017,95.00,ความชื้นสัมพัทธ์
301,552301,นครศรีธรรมราช,นครศรีธรรมราช,11/11/2017,34.90,ปริมาณฝน
302,552301,นครศรีธรรมราช,นครศรีธรรมราช,12/7/2017,85.00,ความชื้นสัมพัทธ์
303,552301,นครศรีธรรมราช,นครศรีธรรมราช,12/7/2017,0.00,ปริมาณฝน
304,552301,นครศรีธรรมราช,นครศรีธรรมราช,13/5/2017,87.00,ความชื้นสัมพัทธ์
305,552301,นครศรีธรรมราช,นครศรีธรรมราช,13/5/2017,0.00,ความเร็วลมสุงสุด
306,552301,นครศรีธรรมราช,นครศรีธรรมราช,13/5/2017,0.00,ปริมาณฝน
307,552301,นครศรีธรรมราช,นครศรีธรรมราช,13/8/2017,87.00,ความชื้นสัมพัทธ์
308,552301,นครศรีธรรมราช,นครศรีธรรมราช,13/8/2017,0.00,ปริมาณฝน
309,552301,นครศรีธรรมราช,นครศรีธรรมราช,15/8/2017,86.00,ความชื้นสัมพัทธ์
310,552301,นครศรีธรรมราช,นครศรีธรรมราช,15/8/2017,0.00,ปริมาณฝน
311,552301,นครศรีธรรมราช,นครศรีธรรมราช,17/2/2017,83.00,ความชื้นสัมพัทธ์
312,552301,นครศรีธรรมราช,นครศรีธรรมราช,17/2/2017,6.00,ความเร็วลมสุงสุด
313,552301,นครศรีธรรมราช,นครศรีธรรมราช,17/2/2017,0.00,ปริมาณฝน
314,552301,นครศรีธรรมราช,นครศรีธรรมราช,17/7/2017,82.00,ความชื้นสัมพัทธ์
315,552301,นครศรีธรรมราช,นครศรีธรรมราช,17/7/2017,0.00,ปริมาณฝน
316,552301,นครศรีธรรมราช,นครศรีธรรมราช,18/6/2017,77.00,ความชื้นสัมพัทธ์
317,552301,นครศรีธรรมราช,นครศรีธรรมราช,18/6/2017,0.00,ปริมาณฝน
318,552301,นครศรีธรรมราช,นครศรีธรรมราช,18/11/2017,87.00,ความชื้นสัมพัทธ์
319,552301,นครศรีธรรมราช,นครศรีธรรมราช,18/11/2017,0.00,ปริมาณฝน
320,552301,นครศรีธรรมราช,นครศรีธรรมราช,18/12/2017,87.00,ความชื้นสัมพัทธ์
321,552301,นครศรีธรรมราช,นครศรีธรรมราช,18/12/2017,1.70,ปริมาณฝน
322,552301,นครศรีธรรมราช,นครศรีธรรมราช,19/9/2017,85.00,ความชื้นสัมพัทธ์
323,552301,นครศรีธรรมราช,นครศรีธรรมราช,19/9/2017,0.00,ปริมาณฝน
324,552301,นครศรีธรรมราช,นครศรีธรรมราช,19/10/2017,85.00,ความชื้นสัมพัทธ์
325,552301,นครศรีธรรมราช,นครศรีธรรมราช,19/10/2017,0.00,ปริมาณฝน
326,552301,นครศรีธรรมราช,นครศรีธรรมราช,20/3/2017,85.00,ความชื้นสัมพัทธ์
327,552301,นครศรีธรรมราช,นครศรีธรรมราช,20/3/2017,10.00,ความเร็วลมสุงสุด
328,552301,นครศรีธรรมราช,นครศรีธรรมราช,20/3/2017,0.00,ปริมาณฝน
329,552301,นครศรีธรรมราช,นครศรีธรรมราช,20/4/2017,85.00,ความชื้นสัมพัทธ์
330,552301,นครศรีธรรมราช,นครศรีธรรมราช,20/4/2017,10.00,ความเร็วลมสุงสุด
331,552301,นครศรีธรรมราช,นครศรีธรรมราช,20/4/2017,0.00,ปริมาณฝน
332,552301,นครศรีธรรมราช,นครศรีธรรมราช,20/8/2017,79.00,ความชื้นสัมพัทธ์
333,552301,นครศรีธรรมราช,นครศรีธรรมราช,20/8/2017,0.00,ปริมาณฝน
334,552301,นครศรีธรรมราช,นครศรีธรรมราช,20/12/2017,81.00,ความชื้นสัมพัทธ์
335,552301,นครศรีธรรมราช,นครศรีธรรมราช,20/12/2017,0.00,ปริมาณฝน
336,552301,นครศรีธรรมราช,นครศรีธรรมราช,21/1/2017,94.00,ความชื้นสัมพัทธ์
337,552301,นครศรีธรรมราช,นครศรีธรรมราช,21/1/2017,6.00,ความเร็วลมสุงสุด
338,552301,นครศรีธรรมราช,นครศรีธรรมราช,21/1/2017,0.00,ปริมาณฝน
339,552301,นครศรีธรรมราช,นครศรีธรรมราช,21/8/2017,79.00,ความชื้นสัมพัทธ์
340,552301,นครศรีธรรมราช,นครศรีธรรมราช,21/8/2017,0.00,ปริมาณฝน
341,552301,นครศรีธรรมราช,นครศรีธรรมราช,21/10/2017,87.00,ความชื้นสัมพัทธ์
342,552301,นครศรีธรรมราช,นครศรีธรรมราช,21/10/2017,0.00,ปริมาณฝน
343,552301,นครศรีธรรมราช,นครศรีธรรมราช,21/12/2017,78.00,ความชื้นสัมพัทธ์
344,552301,นครศรีธรรมราช,นครศรีธรรมราช,21/12/2017,0.00,ปริมาณฝน
345,552301,นครศรีธรรมราช,นครศรีธรรมราช,22/1/2017,94.00,ความชื้นสัมพัทธ์
346,552301,นครศรีธรรมราช,นครศรีธรรมราช,22/1/2017,8.00,ความเร็วลมสุงสุด
347,552301,นครศรีธรรมราช,นครศรีธรรมราช,22/1/2017,113.30,ปริมาณฝน
348,552301,นครศรีธรรมราช,นครศรีธรรมราช,22/3/2017,84.00,ความชื้นสัมพัทธ์
349,552301,นครศรีธรรมราช,นครศรีธรรมราช,22/3/2017,8.00,ความเร็วลมสุงสุด
350,552301,นครศรีธรรมราช,นครศรีธรรมราช,22/3/2017,0.00,ปริมาณฝน
351,552301,นครศรีธรรมราช,นครศรีธรรมราช,22/5/2017,87.00,ความชื้นสัมพัทธ์
352,552301,นครศรีธรรมราช,นครศรีธรรมราช,22/5/2017,0.00,ความเร็วลมสุงสุด
353,552301,นครศรีธรรมราช,นครศรีธรรมราช,22/5/2017,2.40,ปริมาณฝน
354,552301,นครศรีธรรมราช,นครศรีธรรมราช,22/8/2017,75.00,ความชื้นสัมพัทธ์
355,552301,นครศรีธรรมราช,นครศรีธรรมราช,22/8/2017,0.00,ปริมาณฝน
356,552301,นครศรีธรรมราช,นครศรีธรรมราช,23/1/2017,96.00,ความชื้นสัมพัทธ์
357,552301,นครศรีธรรมราช,นครศรีธรรมราช,23/1/2017,12.00,ความเร็วลมสุงสุด
358,552301,นครศรีธรรมราช,นครศรีธรรมราช,23/1/2017,21.40,ปริมาณฝน
359,552301,นครศรีธรรมราช,นครศรีธรรมราช,23/2/2017,83.00,ความชื้นสัมพัทธ์
360,552301,นครศรีธรรมราช,นครศรีธรรมราช,23/2/2017,8.00,ความเร็วลมสุงสุด
361,552301,นครศรีธรรมราช,นครศรีธรรมราช,23/2/2017,0.00,ปริมาณฝน
362,552301,นครศรีธรรมราช,นครศรีธรรมราช,23/5/2017,83.00,ความชื้นสัมพัทธ์
363,552301,นครศรีธรรมราช,นครศรีธรรมราช,23/5/2017,0.00,ความเร็วลมสุงสุด
364,552301,นครศรีธรรมราช,นครศรีธรรมราช,23/5/2017,0.00,ปริมาณฝน
365,552301,นครศรีธรรมราช,นครศรีธรรมราช,23/9/2017,90.00,ความชื้นสัมพัทธ์
366,552301,นครศรีธรรมราช,นครศรีธรรมราช,23/9/2017,4.50,ปริมาณฝน
367,552301,นครศรีธรรมราช,นครศรีธรรมราช,23/12/2017,87.00,ความชื้นสัมพัทธ์
368,552301,นครศรีธรรมราช,นครศรีธรรมราช,23/12/2017,0.00,ปริมาณฝน
369,552301,นครศรีธรรมราช,นครศรีธรรมราช,24/4/2017,86.00,ความชื้นสัมพัทธ์
370,552301,นครศรีธรรมราช,นครศรีธรรมราช,24/4/2017,12.00,ความเร็วลมสุงสุด
371,552301,นครศรีธรรมราช,นครศรีธรรมราช,24/4/2017,14.80,ปริมาณฝน
372,552301,นครศรีธรรมราช,นครศรีธรรมราช,24/9/2017,89.00,ความชื้นสัมพัทธ์
373,552301,นครศรีธรรมราช,นครศรีธรรมราช,24/9/2017,0.80,ปริมาณฝน
374,552301,นครศรีธรรมราช,นครศรีธรรมราช,24/10/2017,90.00,ความชื้นสัมพัทธ์
375,552301,นครศรีธรรมราช,นครศรีธรรมราช,24/10/2017,6.70,ปริมาณฝน
376,552301,นครศรีธรรมราช,นครศรีธรรมราช,24/11/2017,91.00,ความชื้นสัมพัทธ์
377,552301,นครศรีธรรมราช,นครศรีธรรมราช,24/11/2017,24.20,ปริมาณฝน
378,552301,นครศรีธรรมราช,นครศรีธรรมราช,25/7/2017,83.00,ความชื้นสัมพัทธ์
379,552301,นครศรีธรรมราช,นครศรีธรรมราช,25/7/2017,0.00,ปริมาณฝน
380,552301,นครศรีธรรมราช,นครศรีธรรมราช,25/11/2017,96.00,ความชื้นสัมพัทธ์
381,552301,นครศรีธรรมราช,นครศรีธรรมราช,25/11/2017,22.90,ปริมาณฝน
382,552301,นครศรีธรรมราช,นครศรีธรรมราช,26/11/2017,90.00,ความชื้นสัมพัทธ์
383,552301,นครศรีธรรมราช,นครศรีธรรมราช,26/11/2017,0.00,ปริมาณฝน
384,552301,นครศรีธรรมราช,นครศรีธรรมราช,27/2/2017,85.00,ความชื้นสัมพัทธ์
385,552301,นครศรีธรรมราช,นครศรีธรรมราช,27/2/2017,14.00,ความเร็วลมสุงสุด
386,552301,นครศรีธรรมราช,นครศรีธรรมราช,27/2/2017,1.70,ปริมาณฝน
387,552301,นครศรีธรรมราช,นครศรีธรรมราช,27/6/2017,87.00,ความชื้นสัมพัทธ์
388,552301,นครศรีธรรมราช,นครศรีธรรมราช,27/6/2017,3.20,ปริมาณฝน
389,552301,นครศรีธรรมราช,นครศรีธรรมราช,27/8/2017,92.00,ความชื้นสัมพัทธ์
390,552301,นครศรีธรรมราช,นครศรีธรรมราช,27/8/2017,19.30,ปริมาณฝน
391,552301,นครศรีธรรมราช,นครศรีธรรมราช,28/3/2017,92.00,ความชื้นสัมพัทธ์
392,552301,นครศรีธรรมราช,นครศรีธรรมราช,28/3/2017,8.00,ความเร็วลมสุงสุด
393,552301,นครศรีธรรมราช,นครศรีธรรมราช,28/3/2017,74.30,ปริมาณฝน
394,552301,นครศรีธรรมราช,นครศรีธรรมราช,28/6/2017,80.00,ความชื้นสัมพัทธ์
395,552301,นครศรีธรรมราช,นครศรีธรรมราช,28/6/2017,0.00,ปริมาณฝน
396,552301,นครศรีธรรมราช,นครศรีธรรมราช,29/9/2017,88.00,ความชื้นสัมพัทธ์
397,552301,นครศรีธรรมราช,นครศรีธรรมราช,29/9/2017,0.00,ปริมาณฝน
398,552301,นครศรีธรรมราช,นครศรีธรรมราช,14/7/2017,87.00,ความชื้นสัมพัทธ์
399,552301,นครศรีธรรมราช,นครศรีธรรมราช,14/7/2017,0.00,ปริมาณฝน
400,552301,นครศรีธรรมราช,นครศรีธรรมราช,15/4/2017,81.00,ความชื้นสัมพัทธ์
401,552301,นครศรีธรรมราช,นครศรีธรรมราช,15/4/2017,0.00,ความเร็วลมสุงสุด
402,552301,นครศรีธรรมราช,นครศรีธรรมราช,15/4/2017,0.00,ปริมาณฝน
403,552301,นครศรีธรรมราช,นครศรีธรรมราช,15/9/2017,85.00,ความชื้นสัมพัทธ์
404,552301,นครศรีธรรมราช,นครศรีธรรมราช,15/9/2017,0.00,ปริมาณฝน
405,552301,นครศรีธรรมราช,นครศรีธรรมราช,16/2/2017,92.00,ความชื้นสัมพัทธ์
406,552301,นครศรีธรรมราช,นครศรีธรรมราช,16/2/2017,6.00,ความเร็วลมสุงสุด
407,552301,นครศรีธรรมราช,นครศรีธรรมราช,16/2/2017,0.00,ปริมาณฝน
408,552301,นครศรีธรรมราช,นครศรีธรรมราช,16/8/2017,80.00,ความชื้นสัมพัทธ์
409,552301,นครศรีธรรมราช,นครศรีธรรมราช,16/8/2017,0.00,ปริมาณฝน
410,552301,นครศรีธรรมราช,นครศรีธรรมราช,16/10/2017,78.00,ความชื้นสัมพัทธ์
411,552301,นครศรีธรรมราช,นครศรีธรรมราช,16/10/2017,0.00,ปริมาณฝน
412,552301,นครศรีธรรมราช,นครศรีธรรมราช,16/12/2017,87.00,ความชื้นสัมพัทธ์
413,552301,นครศรีธรรมราช,นครศรีธรรมราช,16/12/2017,0.00,ปริมาณฝน
414,552301,นครศรีธรรมราช,นครศรีธรรมราช,17/1/2017,98.00,ความชื้นสัมพัทธ์
415,552301,นครศรีธรรมราช,นครศรีธรรมราช,17/1/2017,8.00,ความเร็วลมสุงสุด
416,552301,นครศรีธรรมราช,นครศรีธรรมราช,17/1/2017,80.00,ปริมาณฝน
417,552301,นครศรีธรรมราช,นครศรีธรรมราช,17/5/2017,85.00,ความชื้นสัมพัทธ์
418,552301,นครศรีธรรมราช,นครศรีธรรมราช,17/5/2017,0.00,ความเร็วลมสุงสุด
419,552301,นครศรีธรรมราช,นครศรีธรรมราช,17/5/2017,18.90,ปริมาณฝน
420,552301,นครศรีธรรมราช,นครศรีธรรมราช,17/8/2017,79.00,ความชื้นสัมพัทธ์
421,552301,นครศรีธรรมราช,นครศรีธรรมราช,17/8/2017,0.00,ปริมาณฝน
422,552301,นครศรีธรรมราช,นครศรีธรรมราช,17/9/2017,82.00,ความชื้นสัมพัทธ์
423,552301,นครศรีธรรมราช,นครศรีธรรมราช,17/9/2017,0.00,ปริมาณฝน
424,552301,นครศรีธรรมราช,นครศรีธรรมราช,18/4/2017,85.00,ความชื้นสัมพัทธ์
425,552301,นครศรีธรรมราช,นครศรีธรรมราช,18/4/2017,4.00,ความเร็วลมสุงสุด
426,552301,นครศรีธรรมราช,นครศรีธรรมราช,18/4/2017,2.80,ปริมาณฝน
427,552301,นครศรีธรรมราช,นครศรีธรรมราช,18/8/2017,85.00,ความชื้นสัมพัทธ์
428,552301,นครศรีธรรมราช,นครศรีธรรมราช,18/8/2017,0.40,ปริมาณฝน
429,552301,นครศรีธรรมราช,นครศรีธรรมราช,19/3/2017,82.00,ความชื้นสัมพัทธ์
430,552301,นครศรีธรรมราช,นครศรีธรรมราช,19/3/2017,8.00,ความเร็วลมสุงสุด
431,552301,นครศรีธรรมราช,นครศรีธรรมราช,19/3/2017,0.00,ปริมาณฝน
432,552301,นครศรีธรรมราช,นครศรีธรรมราช,19/4/2017,89.00,ความชื้นสัมพัทธ์
433,552301,นครศรีธรรมราช,นครศรีธรรมราช,19/4/2017,14.00,ความเร็วลมสุงสุด
434,552301,นครศรีธรรมราช,นครศรีธรรมราช,19/4/2017,0.00,ปริมาณฝน
435,552301,นครศรีธรรมราช,นครศรีธรรมราช,19/5/2017,81.00,ความชื้นสัมพัทธ์
436,552301,นครศรีธรรมราช,นครศรีธรรมราช,19/5/2017,0.00,ความเร็วลมสุงสุด
437,552301,นครศรีธรรมราช,นครศรีธรรมราช,19/5/2017,0.00,ปริมาณฝน
438,552301,นครศรีธรรมราช,นครศรีธรรมราช,20/1/2017,98.00,ความชื้นสัมพัทธ์
439,552301,นครศรีธรรมราช,นครศรีธรรมราช,20/1/2017,6.00,ความเร็วลมสุงสุด
440,552301,นครศรีธรรมราช,นครศรีธรรมราช,20/1/2017,0.00,ปริมาณฝน
441,552301,นครศรีธรรมราช,นครศรีธรรมราช,20/10/2017,80.00,ความชื้นสัมพัทธ์
442,552301,นครศรีธรรมราช,นครศรีธรรมราช,20/10/2017,0.00,ปริมาณฝน
443,552301,นครศรีธรรมราช,นครศรีธรรมราช,20/11/2017,88.00,ความชื้นสัมพัทธ์
444,552301,นครศรีธรรมราช,นครศรีธรรมราช,20/11/2017,0.00,ปริมาณฝน
445,552301,นครศรีธรรมราช,นครศรีธรรมราช,21/3/2017,87.00,ความชื้นสัมพัทธ์
446,552301,นครศรีธรรมราช,นครศรีธรรมราช,21/3/2017,14.00,ความเร็วลมสุงสุด
447,552301,นครศรีธรรมราช,นครศรีธรรมราช,21/3/2017,0.00,ปริมาณฝน
448,552301,นครศรีธรรมราช,นครศรีธรรมราช,22/2/2017,86.00,ความชื้นสัมพัทธ์
449,552301,นครศรีธรรมราช,นครศรีธรรมราช,22/2/2017,6.00,ความเร็วลมสุงสุด
450,552301,นครศรีธรรมราช,นครศรีธรรมราช,22/2/2017,0.00,ปริมาณฝน
451,552301,นครศรีธรรมราช,นครศรีธรรมราช,22/4/2017,85.00,ความชื้นสัมพัทธ์
452,552301,นครศรีธรรมราช,นครศรีธรรมราช,22/4/2017,10.00,ความเร็วลมสุงสุด
453,552301,นครศรีธรรมราช,นครศรีธรรมราช,22/4/2017,0.00,ปริมาณฝน
454,552301,นครศรีธรรมราช,นครศรีธรรมราช,22/11/2017,88.00,ความชื้นสัมพัทธ์
455,552301,นครศรีธรรมราช,นครศรีธรรมราช,22/11/2017,70.10,ปริมาณฝน
456,552301,นครศรีธรรมราช,นครศรีธรรมราช,22/12/2017,79.00,ความชื้นสัมพัทธ์
457,552301,นครศรีธรรมราช,นครศรีธรรมราช,22/12/2017,1.20,ปริมาณฝน
458,552301,นครศรีธรรมราช,นครศรีธรรมราช,23/3/2017,81.00,ความชื้นสัมพัทธ์
459,552301,นครศรีธรรมราช,นครศรีธรรมราช,23/3/2017,8.00,ความเร็วลมสุงสุด
460,552301,นครศรีธรรมราช,นครศรีธรรมราช,23/3/2017,0.00,ปริมาณฝน
461,552301,นครศรีธรรมราช,นครศรีธรรมราช,23/6/2017,86.00,ความชื้นสัมพัทธ์
462,552301,นครศรีธรรมราช,นครศรีธรรมราช,23/6/2017,7.70,ปริมาณฝน
463,552301,นครศรีธรรมราช,นครศรีธรรมราช,23/10/2017,89.00,ความชื้นสัมพัทธ์
464,552301,นครศรีธรรมราช,นครศรีธรรมราช,23/10/2017,0.00,ปริมาณฝน
465,552301,นครศรีธรรมราช,นครศรีธรรมราช,24/1/2017,96.00,ความชื้นสัมพัทธ์
466,552301,นครศรีธรรมราช,นครศรีธรรมราช,24/1/2017,8.00,ความเร็วลมสุงสุด
467,552301,นครศรีธรรมราช,นครศรีธรรมราช,24/1/2017,69.70,ปริมาณฝน
468,552301,นครศรีธรรมราช,นครศรีธรรมราช,24/2/2017,84.00,ความชื้นสัมพัทธ์
469,552301,นครศรีธรรมราช,นครศรีธรรมราช,24/2/2017,8.00,ความเร็วลมสุงสุด
470,552301,นครศรีธรรมราช,นครศรีธรรมราช,24/2/2017,0.00,ปริมาณฝน
471,552301,นครศรีธรรมราช,นครศรีธรรมราช,24/5/2017,82.00,ความชื้นสัมพัทธ์
472,552301,นครศรีธรรมราช,นครศรีธรรมราช,24/5/2017,0.00,ความเร็วลมสุงสุด
473,552301,นครศรีธรรมราช,นครศรีธรรมราช,24/5/2017,0.00,ปริมาณฝน
474,552301,นครศรีธรรมราช,นครศรีธรรมราช,24/6/2017,81.00,ความชื้นสัมพัทธ์
475,552301,นครศรีธรรมราช,นครศรีธรรมราช,24/6/2017,0.00,ปริมาณฝน
476,552301,นครศรีธรรมราช,นครศรีธรรมราช,24/12/2017,89.00,ความชื้นสัมพัทธ์
477,552301,นครศรีธรรมราช,นครศรีธรรมราช,24/12/2017,0.00,ปริมาณฝน
478,552301,นครศรีธรรมราช,นครศรีธรรมราช,25/1/2017,93.00,ความชื้นสัมพัทธ์
479,552301,นครศรีธรรมราช,นครศรีธรรมราช,25/1/2017,8.00,ความเร็วลมสุงสุด
480,552301,นครศรีธรรมราช,นครศรีธรรมราช,25/1/2017,1.40,ปริมาณฝน
481,552301,นครศรีธรรมราช,นครศรีธรรมราช,25/5/2017,83.00,ความชื้นสัมพัทธ์
482,552301,นครศรีธรรมราช,นครศรีธรรมราช,25/5/2017,0.00,ความเร็วลมสุงสุด
483,552301,นครศรีธรรมราช,นครศรีธรรมราช,25/5/2017,1.00,ปริมาณฝน
484,552301,นครศรีธรรมราช,นครศรีธรรมราช,25/6/2017,82.00,ความชื้นสัมพัทธ์
485,552301,นครศรีธรรมราช,นครศรีธรรมราช,25/6/2017,0.00,ปริมาณฝน
486,552301,นครศรีธรรมราช,นครศรีธรรมราช,25/8/2017,81.00,ความชื้นสัมพัทธ์
487,552301,นครศรีธรรมราช,นครศรีธรรมราช,25/8/2017,0.00,ปริมาณฝน
488,552301,นครศรีธรรมราช,นครศรีธรรมราช,26/3/2017,82.00,ความชื้นสัมพัทธ์
489,552301,นครศรีธรรมราช,นครศรีธรรมราช,26/3/2017,10.00,ความเร็วลมสุงสุด
490,552301,นครศรีธรรมราช,นครศรีธรรมราช,26/3/2017,0.00,ปริมาณฝน
491,552301,นครศรีธรรมราช,นครศรีธรรมราช,26/4/2017,81.00,ความชื้นสัมพัทธ์
492,552301,นครศรีธรรมราช,นครศรีธรรมราช,26/4/2017,10.00,ความเร็วลมสุงสุด
493,552301,นครศรีธรรมราช,นครศรีธรรมราช,26/4/2017,0.00,ปริมาณฝน
494,552301,นครศรีธรรมราช,นครศรีธรรมราช,26/5/2017,89.00,ความชื้นสัมพัทธ์
495,552301,นครศรีธรรมราช,นครศรีธรรมราช,26/5/2017,0.00,ความเร็วลมสุงสุด
496,552301,นครศรีธรรมราช,นครศรีธรรมราช,26/5/2017,0.00,ปริมาณฝน
497,552301,นครศรีธรรมราช,นครศรีธรรมราช,26/7/2017,89.00,ความชื้นสัมพัทธ์
498,552301,นครศรีธรรมราช,นครศรีธรรมราช,26/7/2017,0.00,ปริมาณฝน
499,552301,นครศรีธรรมราช,นครศรีธรรมราช,26/9/2017,81.00,ความชื้นสัมพัทธ์
500,552301,นครศรีธรรมราช,นครศรีธรรมราช,26/9/2017,0.00,ปริมาณฝน
501,552301,นครศรีธรรมราช,นครศรีธรรมราช,26/10/2017,90.00,ความชื้นสัมพัทธ์
502,552301,นครศรีธรรมราช,นครศรีธรรมราช,26/10/2017,0.00,ปริมาณฝน
503,552301,นครศรีธรรมราช,นครศรีธรรมราช,26/12/2017,89.00,ความชื้นสัมพัทธ์
504,552301,นครศรีธรรมราช,นครศรีธรรมราช,26/12/2017,0.00,ปริมาณฝน
505,552301,นครศรีธรรมราช,นครศรีธรรมราช,27/4/2017,81.00,ความชื้นสัมพัทธ์
506,552301,นครศรีธรรมราช,นครศรีธรรมราช,27/4/2017,10.00,ความเร็วลมสุงสุด
507,552301,นครศรีธรรมราช,นครศรีธรรมราช,27/4/2017,0.00,ปริมาณฝน
508,552301,นครศรีธรรมราช,นครศรีธรรมราช,27/5/2017,83.00,ความชื้นสัมพัทธ์
509,552301,นครศรีธรรมราช,นครศรีธรรมราช,27/5/2017,0.00,ความเร็วลมสุงสุด
510,552301,นครศรีธรรมราช,นครศรีธรรมราช,27/5/2017,0.00,ปริมาณฝน
511,552301,นครศรีธรรมราช,นครศรีธรรมราช,27/7/2017,83.00,ความชื้นสัมพัทธ์
512,552301,นครศรีธรรมราช,นครศรีธรรมราช,27/7/2017,0.00,ปริมาณฝน
513,552301,นครศรีธรรมราช,นครศรีธรรมราช,27/9/2017,78.00,ความชื้นสัมพัทธ์
514,552301,นครศรีธรรมราช,นครศรีธรรมราช,27/9/2017,0.00,ปริมาณฝน
515,552301,นครศรีธรรมราช,นครศรีธรรมราช,28/4/2017,86.00,ความชื้นสัมพัทธ์
516,552301,นครศรีธรรมราช,นครศรีธรรมราช,28/4/2017,16.00,ความเร็วลมสุงสุด
517,552301,นครศรีธรรมราช,นครศรีธรรมราช,28/4/2017,22.90,ปริมาณฝน
518,552301,นครศรีธรรมราช,นครศรีธรรมราช,30/3/2017,87.00,ความชื้นสัมพัทธ์
519,552301,นครศรีธรรมราช,นครศรีธรรมราช,30/3/2017,8.00,ความเร็วลมสุงสุด
520,552301,นครศรีธรรมราช,นครศรีธรรมราช,30/3/2017,5.60,ปริมาณฝน
521,552301,นครศรีธรรมราช,นครศรีธรรมราช,31/1/2017,89.00,ความชื้นสัมพัทธ์
522,552301,นครศรีธรรมราช,นครศรีธรรมราช,31/1/2017,6.00,ความเร็วลมสุงสุด
523,552301,นครศรีธรรมราช,นครศรีธรรมราช,31/1/2017,0.00,ปริมาณฝน
524,552301,นครศรีธรรมราช,นครศรีธรรมราช,31/3/2017,92.00,ความชื้นสัมพัทธ์
525,552301,นครศรีธรรมราช,นครศรีธรรมราช,31/3/2017,6.00,ความเร็วลมสุงสุด
526,552301,นครศรีธรรมราช,นครศรีธรรมราช,31/3/2017,0.00,ปริมาณฝน
527,552301,นครศรีธรรมราช,นครศรีธรรมราช,1/4/2017,89.00,ความชื้นสัมพัทธ์
528,552301,นครศรีธรรมราช,นครศรีธรรมราช,1/4/2017,10.00,ความเร็วลมสุงสุด
529,552301,นครศรีธรรมราช,นครศรีธรรมราช,1/4/2017,0.00,ปริมาณฝน
530,552301,นครศรีธรรมราช,นครศรีธรรมราช,1/6/2017,78.00,ความชื้นสัมพัทธ์
531,552301,นครศรีธรรมราช,นครศรีธรรมราช,1/6/2017,0.00,ปริมาณฝน
532,552301,นครศรีธรรมราช,นครศรีธรรมราช,1/8/2017,86.00,ความชื้นสัมพัทธ์
533,552301,นครศรีธรรมราช,นครศรีธรรมราช,1/8/2017,0.00,ปริมาณฝน
534,552301,นครศรีธรรมราช,นครศรีธรรมราช,1/10/2017,87.00,ความชื้นสัมพัทธ์
535,552301,นครศรีธรรมราช,นครศรีธรรมราช,1/10/2017,0.00,ปริมาณฝน
536,552301,นครศรีธรรมราช,นครศรีธรรมราช,1/12/2017,94.00,ความชื้นสัมพัทธ์
537,552301,นครศรีธรรมราช,นครศรีธรรมราช,1/12/2017,0.00,ปริมาณฝน
538,552301,นครศรีธรรมราช,นครศรีธรรมราช,2/1/2017,97.00,ความชื้นสัมพัทธ์
539,552301,นครศรีธรรมราช,นครศรีธรรมราช,2/1/2017,12.00,ความเร็วลมสุงสุด
540,552301,นครศรีธรรมราช,นครศรีธรรมราช,2/1/2017,0.00,ปริมาณฝน
541,552301,นครศรีธรรมราช,นครศรีธรรมราช,2/8/2017,80.00,ความชื้นสัมพัทธ์
542,552301,นครศรีธรรมราช,นครศรีธรรมราช,2/8/2017,0.00,ปริมาณฝน
543,552301,นครศรีธรรมราช,นครศรีธรรมราช,2/9/2017,83.00,ความชื้นสัมพัทธ์
544,552301,นครศรีธรรมราช,นครศรีธรรมราช,2/9/2017,0.00,ปริมาณฝน
545,552301,นครศรีธรรมราช,นครศรีธรรมราช,2/12/2017,90.00,ความชื้นสัมพัทธ์
546,552301,นครศรีธรรมราช,นครศรีธรรมราช,2/12/2017,0.00,ปริมาณฝน
547,552301,นครศรีธรรมราช,นครศรีธรรมราช,3/1/2017,97.00,ความชื้นสัมพัทธ์
548,552301,นครศรีธรรมราช,นครศรีธรรมราช,3/1/2017,6.00,ความเร็วลมสุงสุด
549,552301,นครศรีธรรมราช,นครศรีธรรมราช,3/1/2017,0.00,ปริมาณฝน
550,552301,นครศรีธรรมราช,นครศรีธรรมราช,3/9/2017,82.00,ความชื้นสัมพัทธ์
551,552301,นครศรีธรรมราช,นครศรีธรรมราช,3/9/2017,0.00,ปริมาณฝน
552,552301,นครศรีธรรมราช,นครศรีธรรมราช,4/6/2017,80.00,ความชื้นสัมพัทธ์
553,552301,นครศรีธรรมราช,นครศรีธรรมราช,4/6/2017,0.00,ปริมาณฝน
554,552301,นครศรีธรรมราช,นครศรีธรรมราช,5/2/2017,87.00,ความชื้นสัมพัทธ์
555,552301,นครศรีธรรมราช,นครศรีธรรมราช,5/2/2017,10.00,ความเร็วลมสุงสุด
556,552301,นครศรีธรรมราช,นครศรีธรรมราช,5/2/2017,0.00,ปริมาณฝน
557,552301,นครศรีธรรมราช,นครศรีธรรมราช,5/3/2017,82.00,ความชื้นสัมพัทธ์
558,552301,นครศรีธรรมราช,นครศรีธรรมราช,5/3/2017,6.00,ความเร็วลมสุงสุด
559,552301,นครศรีธรรมราช,นครศรีธรรมราช,5/3/2017,0.00,ปริมาณฝน
560,552301,นครศรีธรรมราช,นครศรีธรรมราช,5/6/2017,85.00,ความชื้นสัมพัทธ์
561,552301,นครศรีธรรมราช,นครศรีธรรมราช,5/6/2017,0.00,ปริมาณฝน
562,552301,นครศรีธรรมราช,นครศรีธรรมราช,6/2/2017,87.00,ความชื้นสัมพัทธ์
563,552301,นครศรีธรรมราช,นครศรีธรรมราช,6/2/2017,6.00,ความเร็วลมสุงสุด
564,552301,นครศรีธรรมราช,นครศรีธรรมราช,6/2/2017,0.00,ปริมาณฝน
565,552301,นครศรีธรรมราช,นครศรีธรรมราช,7/7/2017,87.00,ความชื้นสัมพัทธ์
566,552301,นครศรีธรรมราช,นครศรีธรรมราช,7/7/2017,0.00,ปริมาณฝน
567,552301,นครศรีธรรมราช,นครศรีธรรมราช,7/12/2017,90.00,ความชื้นสัมพัทธ์
568,552301,นครศรีธรรมราช,นครศรีธรรมราช,7/12/2017,0.00,ปริมาณฝน
569,552301,นครศรีธรรมราช,นครศรีธรรมราช,8/4/2017,87.00,ความชื้นสัมพัทธ์
570,552301,นครศรีธรรมราช,นครศรีธรรมราช,8/4/2017,8.00,ความเร็วลมสุงสุด
571,552301,นครศรีธรรมราช,นครศรีธรรมราช,8/4/2017,0.00,ปริมาณฝน
572,552301,นครศรีธรรมราช,นครศรีธรรมราช,8/10/2017,86.00,ความชื้นสัมพัทธ์
573,552301,นครศรีธรรมราช,นครศรีธรรมราช,8/10/2017,0.00,ปริมาณฝน
574,552301,นครศรีธรรมราช,นครศรีธรรมราช,8/11/2017,91.00,ความชื้นสัมพัทธ์
575,552301,นครศรีธรรมราช,นครศรีธรรมราช,8/11/2017,28.00,ปริมาณฝน
576,552301,นครศรีธรรมราช,นครศรีธรรมราช,9/1/2017,93.00,ความชื้นสัมพัทธ์
577,552301,นครศรีธรรมราช,นครศรีธรรมราช,9/1/2017,10.00,ความเร็วลมสุงสุด
578,552301,นครศรีธรรมราช,นครศรีธรรมราช,9/1/2017,64.90,ปริมาณฝน
579,552301,นครศรีธรรมราช,นครศรีธรรมราช,9/3/2017,82.00,ความชื้นสัมพัทธ์
580,552301,นครศรีธรรมราช,นครศรีธรรมราช,9/3/2017,12.00,ความเร็วลมสุงสุด
581,552301,นครศรีธรรมราช,นครศรีธรรมราช,9/3/2017,0.00,ปริมาณฝน
582,552301,นครศรีธรรมราช,นครศรีธรรมราช,9/7/2017,84.00,ความชื้นสัมพัทธ์
583,552301,นครศรีธรรมราช,นครศรีธรรมราช,9/7/2017,12.20,ปริมาณฝน
584,552301,นครศรีธรรมราช,นครศรีธรรมราช,9/11/2017,92.00,ความชื้นสัมพัทธ์
585,552301,นครศรีธรรมราช,นครศรีธรรมราช,9/11/2017,5.00,ปริมาณฝน
586,552301,นครศรีธรรมราช,นครศรีธรรมราช,10/4/2017,82.00,ความชื้นสัมพัทธ์
587,552301,นครศรีธรรมราช,นครศรีธรรมราช,10/4/2017,4.00,ความเร็วลมสุงสุด
588,552301,นครศรีธรรมราช,นครศรีธรรมราช,10/4/2017,0.00,ปริมาณฝน
589,552301,นครศรีธรรมราช,นครศรีธรรมราช,10/8/2017,83.00,ความชื้นสัมพัทธ์
590,552301,นครศรีธรรมราช,นครศรีธรรมราช,10/8/2017,0.20,ปริมาณฝน
591,552301,นครศรีธรรมราช,นครศรีธรรมราช,10/11/2017,89.00,ความชื้นสัมพัทธ์
592,552301,นครศรีธรรมราช,นครศรีธรรมราช,10/11/2017,4.20,ปริมาณฝน
593,552301,นครศรีธรรมราช,นครศรีธรรมราช,10/12/2017,89.00,ความชื้นสัมพัทธ์
594,552301,นครศรีธรรมราช,นครศรีธรรมราช,10/12/2017,0.00,ปริมาณฝน
595,552301,นครศรีธรรมราช,นครศรีธรรมราช,11/1/2017,91.00,ความชื้นสัมพัทธ์
596,552301,นครศรีธรรมราช,นครศรีธรรมราช,11/1/2017,8.00,ความเร็วลมสุงสุด
597,552301,นครศรีธรรมราช,นครศรีธรรมราช,11/1/2017,0.00,ปริมาณฝน
598,552301,นครศรีธรรมราช,นครศรีธรรมราช,11/2/2017,93.00,ความชื้นสัมพัทธ์
599,552301,นครศรีธรรมราช,นครศรีธรรมราช,11/2/2017,16.00,ความเร็วลมสุงสุด
600,552301,นครศรีธรรมราช,นครศรีธรรมราช,11/2/2017,20.90,ปริมาณฝน
601,552301,นครศรีธรรมราช,นครศรีธรรมราช,11/10/2017,88.00,ความชื้นสัมพัทธ์
602,552301,นครศรีธรรมราช,นครศรีธรรมราช,11/10/2017,0.00,ปริมาณฝน
603,552301,นครศรีธรรมราช,นครศรีธรรมราช,12/3/2017,84.00,ความชื้นสัมพัทธ์
604,552301,นครศรีธรรมราช,นครศรีธรรมราช,12/3/2017,12.00,ความเร็วลมสุงสุด
605,552301,นครศรีธรรมราช,นครศรีธรรมราช,12/3/2017,0.00,ปริมาณฝน
606,552301,นครศรีธรรมราช,นครศรีธรรมราช,12/5/2017,86.00,ความชื้นสัมพัทธ์
607,552301,นครศรีธรรมราช,นครศรีธรรมราช,12/5/2017,0.00,ความเร็วลมสุงสุด
608,552301,นครศรีธรรมราช,นครศรีธรรมราช,12/5/2017,0.10,ปริมาณฝน
609,552301,นครศรีธรรมราช,นครศรีธรรมราช,12/9/2017,86.00,ความชื้นสัมพัทธ์
610,552301,นครศรีธรรมราช,นครศรีธรรมราช,12/9/2017,64.20,ปริมาณฝน
611,552301,นครศรีธรรมราช,นครศรีธรรมราช,12/10/2017,89.00,ความชื้นสัมพัทธ์
612,552301,นครศรีธรรมราช,นครศรีธรรมราช,12/10/2017,21.60,ปริมาณฝน
613,552301,นครศรีธรรมราช,นครศรีธรรมราช,12/11/2017,92.00,ความชื้นสัมพัทธ์
614,552301,นครศรีธรรมราช,นครศรีธรรมราช,12/11/2017,0.00,ปริมาณฝน
615,552301,นครศรีธรรมราช,นครศรีธรรมราช,13/6/2017,78.00,ความชื้นสัมพัทธ์
616,552301,นครศรีธรรมราช,นครศรีธรรมราช,13/6/2017,0.00,ปริมาณฝน
617,552301,นครศรีธรรมราช,นครศรีธรรมราช,13/7/2017,81.00,ความชื้นสัมพัทธ์
618,552301,นครศรีธรรมราช,นครศรีธรรมราช,13/7/2017,0.00,ปริมาณฝน
619,552301,นครศรีธรรมราช,นครศรีธรรมราช,13/9/2017,87.00,ความชื้นสัมพัทธ์
620,552301,นครศรีธรรมราช,นครศรีธรรมราช,13/9/2017,0.00,ปริมาณฝน
621,552301,นครศรีธรรมราช,นครศรีธรรมราช,14/2/2017,90.00,ความชื้นสัมพัทธ์
622,552301,นครศรีธรรมราช,นครศรีธรรมราช,14/2/2017,10.00,ความเร็วลมสุงสุด
623,552301,นครศรีธรรมราช,นครศรีธรรมราช,14/2/2017,0.00,ปริมาณฝน
624,552301,นครศรีธรรมราช,นครศรีธรรมราช,14/6/2017,86.00,ความชื้นสัมพัทธ์
625,552301,นครศรีธรรมราช,นครศรีธรรมราช,14/6/2017,0.00,ปริมาณฝน
626,552301,นครศรีธรรมราช,นครศรีธรรมราช,14/11/2017,89.00,ความชื้นสัมพัทธ์
627,552301,นครศรีธรรมราช,นครศรีธรรมราช,14/11/2017,0.00,ปริมาณฝน
628,552301,นครศรีธรรมราช,นครศรีธรรมราช,28/5/2017,84.00,ความชื้นสัมพัทธ์
629,552301,นครศรีธรรมราช,นครศรีธรรมราช,28/5/2017,0.00,ความเร็วลมสุงสุด
630,552301,นครศรีธรรมราช,นครศรีธรรมราช,28/5/2017,1.50,ปริมาณฝน
631,552301,นครศรีธรรมราช,นครศรีธรรมราช,28/11/2017,97.00,ความชื้นสัมพัทธ์
632,552301,นครศรีธรรมราช,นครศรีธรรมราช,28/11/2017,36.20,ปริมาณฝน
633,552301,นครศรีธรรมราช,นครศรีธรรมราช,28/12/2017,91.00,ความชื้นสัมพัทธ์
634,552301,นครศรีธรรมราช,นครศรีธรรมราช,28/12/2017,17.00,ปริมาณฝน
635,552301,นครศรีธรรมราช,นครศรีธรรมราช,29/7/2017,77.00,ความชื้นสัมพัทธ์
636,552301,นครศรีธรรมราช,นครศรีธรรมราช,29/7/2017,0.00,ปริมาณฝน
637,552301,นครศรีธรรมราช,นครศรีธรรมราช,30/1/2017,86.00,ความชื้นสัมพัทธ์
638,552301,นครศรีธรรมราช,นครศรีธรรมราช,30/1/2017,10.00,ความเร็วลมสุงสุด
639,552301,นครศรีธรรมราช,นครศรีธรรมราช,30/1/2017,0.00,ปริมาณฝน
640,552301,นครศรีธรรมราช,นครศรีธรรมราช,30/2/2017,0.00,ความชื้นสัมพัทธ์
641,552301,นครศรีธรรมราช,นครศรีธรรมราช,30/2/2017,0.00,ความเร็วลมสุงสุด
642,552301,นครศรีธรรมราช,นครศรีธรรมราช,30/2/2017,0.00,ปริมาณฝน
643,552301,นครศรีธรรมราช,นครศรีธรรมราช,30/5/2017,83.00,ความชื้นสัมพัทธ์
644,552301,นครศรีธรรมราช,นครศรีธรรมราช,30/5/2017,0.00,ความเร็วลมสุงสุด
645,552301,นครศรีธรรมราช,นครศรีธรรมราช,30/5/2017,0.00,ปริมาณฝน
646,552301,นครศรีธรรมราช,นครศรีธรรมราช,30/7/2017,82.00,ความชื้นสัมพัทธ์
647,552301,นครศรีธรรมราช,นครศรีธรรมราช,30/7/2017,0.50,ปริมาณฝน
648,552301,นครศรีธรรมราช,นครศรีธรรมราช,30/11/2017,99.00,ความชื้นสัมพัทธ์
649,552301,นครศรีธรรมราช,นครศรีธรรมราช,30/11/2017,163.40,ปริมาณฝน
650,552301,นครศรีธรรมราช,นครศรีธรรมราช,31/9/2017,0.00,ความชื้นสัมพัทธ์
651,552301,นครศรีธรรมราช,นครศรีธรรมราช,31/9/2017,0.00,ปริมาณฝน
652,552301,นครศรีธรรมราช,นครศรีธรรมราช,31/10/2017,84.00,ความชื้นสัมพัทธ์
653,552301,นครศรีธรรมราช,นครศรีธรรมราช,31/10/2017,0.00,ปริมาณฝน
654,552301,นครศรีธรรมราช,นครศรีธรรมราช,31/11/2017,0.00,ความชื้นสัมพัทธ์
655,552301,นครศรีธรรมราช,นครศรีธรรมราช,31/11/2017,0.00,ปริมาณฝน
656,552301,นครศรีธรรมราช,นครศรีธรรมราช,31/12/2017,94.00,ความชื้นสัมพัทธ์
657,552301,นครศรีธรรมราช,นครศรีธรรมราช,31/12/2017,0.00,ปริมาณฝน
658,552301,นครศรีธรรมราช,นครศรีธรรมราช,14/8/2017,87.00,ความชื้นสัมพัทธ์
659,552301,นครศรีธรรมราช,นครศรีธรรมราช,14/8/2017,0.00,ปริมาณฝน
660,552301,นครศรีธรรมราช,นครศรีธรรมราช,15/2/2017,88.00,ความชื้นสัมพัทธ์
661,552301,นครศรีธรรมราช,นครศรีธรรมราช,15/2/2017,10.00,ความเร็วลมสุงสุด
662,552301,นครศรีธรรมราช,นครศรีธรรมราช,15/2/2017,0.00,ปริมาณฝน
663,552301,นครศรีธรรมราช,นครศรีธรรมราช,15/11/2017,87.00,ความชื้นสัมพัทธ์
664,552301,นครศรีธรรมราช,นครศรีธรรมราช,15/11/2017,0.00,ปริมาณฝน
665,552301,นครศรีธรรมราช,นครศรีธรรมราช,16/1/2017,91.00,ความชื้นสัมพัทธ์
666,552301,นครศรีธรรมราช,นครศรีธรรมราช,16/1/2017,10.00,ความเร็วลมสุงสุด
667,552301,นครศรีธรรมราช,นครศรีธรรมราช,16/1/2017,0.00,ปริมาณฝน
668,552301,นครศรีธรรมราช,นครศรีธรรมราช,16/4/2017,82.00,ความชื้นสัมพัทธ์
669,552301,นครศรีธรรมราช,นครศรีธรรมราช,16/4/2017,8.00,ความเร็วลมสุงสุด
670,552301,นครศรีธรรมราช,นครศรีธรรมราช,16/4/2017,0.00,ปริมาณฝน
671,552301,นครศรีธรรมราช,นครศรีธรรมราช,17/3/2017,84.00,ความชื้นสัมพัทธ์
672,552301,นครศรีธรรมราช,นครศรีธรรมราช,17/3/2017,8.00,ความเร็วลมสุงสุด
673,552301,นครศรีธรรมราช,นครศรีธรรมราช,17/3/2017,0.00,ปริมาณฝน
674,552301,นครศรีธรรมราช,นครศรีธรรมราช,17/4/2017,84.00,ความชื้นสัมพัทธ์
675,552301,นครศรีธรรมราช,นครศรีธรรมราช,17/4/2017,4.00,ความเร็วลมสุงสุด
676,552301,นครศรีธรรมราช,นครศรีธรรมราช,17/4/2017,0.00,ปริมาณฝน
677,552301,นครศรีธรรมราช,นครศรีธรรมราช,17/11/2017,88.00,ความชื้นสัมพัทธ์
678,552301,นครศรีธรรมราช,นครศรีธรรมราช,17/11/2017,0.20,ปริมาณฝน
679,552301,นครศรีธรรมราช,นครศรีธรรมราช,18/1/2017,92.00,ความชื้นสัมพัทธ์
680,552301,นครศรีธรรมราช,นครศรีธรรมราช,18/1/2017,10.00,ความเร็วลมสุงสุด
681,552301,นครศรีธรรมราช,นครศรีธรรมราช,18/1/2017,33.20,ปริมาณฝน
682,552301,นครศรีธรรมราช,นครศรีธรรมราช,18/2/2017,86.00,ความชื้นสัมพัทธ์
683,552301,นครศรีธรรมราช,นครศรีธรรมราช,18/2/2017,6.00,ความเร็วลมสุงสุด
684,552301,นครศรีธรรมราช,นครศรีธรรมราช,18/2/2017,4.50,ปริมาณฝน
685,552301,นครศรีธรรมราช,นครศรีธรรมราช,18/3/2017,84.00,ความชื้นสัมพัทธ์
686,552301,นครศรีธรรมราช,นครศรีธรรมราช,18/3/2017,8.00,ความเร็วลมสุงสุด
687,552301,นครศรีธรรมราช,นครศรีธรรมราช,18/3/2017,0.00,ปริมาณฝน
688,552301,นครศรีธรรมราช,นครศรีธรรมราช,18/7/2017,78.00,ความชื้นสัมพัทธ์
689,552301,นครศรีธรรมราช,นครศรีธรรมราช,18/7/2017,0.00,ปริมาณฝน
690,552301,นครศรีธรรมราช,นครศรีธรรมราช,18/10/2017,85.00,ความชื้นสัมพัทธ์
691,552301,นครศรีธรรมราช,นครศรีธรรมราช,18/10/2017,0.00,ปริมาณฝน
692,552301,นครศรีธรรมราช,นครศรีธรรมราช,19/2/2017,84.00,ความชื้นสัมพัทธ์
693,552301,นครศรีธรรมราช,นครศรีธรรมราช,19/2/2017,6.00,ความเร็วลมสุงสุด
694,552301,นครศรีธรรมราช,นครศรีธรรมราช,19/2/2017,0.00,ปริมาณฝน
695,552301,นครศรีธรรมราช,นครศรีธรรมราช,19/7/2017,81.00,ความชื้นสัมพัทธ์
696,552301,นครศรีธรรมราช,นครศรีธรรมราช,19/7/2017,0.00,ปริมาณฝน
697,552301,นครศรีธรรมราช,นครศรีธรรมราช,19/11/2017,86.00,ความชื้นสัมพัทธ์
698,552301,นครศรีธรรมราช,นครศรีธรรมราช,19/11/2017,0.00,ปริมาณฝน
699,552301,นครศรีธรรมราช,นครศรีธรรมราช,19/12/2017,76.00,ความชื้นสัมพัทธ์
700,552301,นครศรีธรรมราช,นครศรีธรรมราช,19/12/2017,0.00,ปริมาณฝน
701,552301,นครศรีธรรมราช,นครศรีธรรมราช,20/5/2017,82.00,ความชื้นสัมพัทธ์
702,552301,นครศรีธรรมราช,นครศรีธรรมราช,20/5/2017,0.00,ความเร็วลมสุงสุด
703,552301,นครศรีธรรมราช,นครศรีธรรมราช,20/5/2017,0.00,ปริมาณฝน
704,552301,นครศรีธรรมราช,นครศรีธรรมราช,20/9/2017,80.00,ความชื้นสัมพัทธ์
705,552301,นครศรีธรรมราช,นครศรีธรรมราช,20/9/2017,0.00,ปริมาณฝน
706,552301,นครศรีธรรมราช,นครศรีธรรมราช,21/5/2017,88.00,ความชื้นสัมพัทธ์
707,552301,นครศรีธรรมราช,นครศรีธรรมราช,21/5/2017,0.00,ความเร็วลมสุงสุด
708,552301,นครศรีธรรมราช,นครศรีธรรมราช,21/5/2017,0.00,ปริมาณฝน
709,552301,นครศรีธรรมราช,นครศรีธรรมราช,21/7/2017,90.00,ความชื้นสัมพัทธ์
710,552301,นครศรีธรรมราช,นครศรีธรรมราช,21/7/2017,0.00,ปริมาณฝน
711,552301,นครศรีธรรมราช,นครศรีธรรมราช,22/6/2017,88.00,ความชื้นสัมพัทธ์
712,552301,นครศรีธรรมราช,นครศรีธรรมราช,22/6/2017,11.40,ปริมาณฝน
713,552301,นครศรีธรรมราช,นครศรีธรรมราช,22/7/2017,85.00,ความชื้นสัมพัทธ์
714,552301,นครศรีธรรมราช,นครศรีธรรมราช,22/7/2017,0.00,ปริมาณฝน
715,552301,นครศรีธรรมราช,นครศรีธรรมราช,22/10/2017,88.00,ความชื้นสัมพัทธ์
716,552301,นครศรีธรรมราช,นครศรีธรรมราช,22/10/2017,0.00,ปริมาณฝน
717,552301,นครศรีธรรมราช,นครศรีธรรมราช,23/4/2017,86.00,ความชื้นสัมพัทธ์
718,552301,นครศรีธรรมราช,นครศรีธรรมราช,23/4/2017,8.00,ความเร็วลมสุงสุด
719,552301,นครศรีธรรมราช,นครศรีธรรมราช,23/4/2017,0.80,ปริมาณฝน
720,552301,นครศรีธรรมราช,นครศรีธรรมราช,23/8/2017,80.00,ความชื้นสัมพัทธ์
721,552301,นครศรีธรรมราช,นครศรีธรรมราช,23/8/2017,0.00,ปริมาณฝน
722,552301,นครศรีธรรมราช,นครศรีธรรมราช,23/11/2017,93.00,ความชื้นสัมพัทธ์
723,552301,นครศรีธรรมราช,นครศรีธรรมราช,23/11/2017,9.80,ปริมาณฝน
724,552301,นครศรีธรรมราช,นครศรีธรรมราช,24/7/2017,81.00,ความชื้นสัมพัทธ์
725,552301,นครศรีธรรมราช,นครศรีธรรมราช,24/7/2017,1.50,ปริมาณฝน
726,552301,นครศรีธรรมราช,นครศรีธรรมราช,24/8/2017,85.00,ความชื้นสัมพัทธ์
727,552301,นครศรีธรรมราช,นครศรีธรรมราช,24/8/2017,13.20,ปริมาณฝน
728,552301,นครศรีธรรมราช,นครศรีธรรมราช,25/2/2017,84.00,ความชื้นสัมพัทธ์
729,552301,นครศรีธรรมราช,นครศรีธรรมราช,25/2/2017,10.00,ความเร็วลมสุงสุด
730,552301,นครศรีธรรมราช,นครศรีธรรมราช,25/2/2017,0.00,ปริมาณฝน
731,552301,นครศรีธรรมราช,นครศรีธรรมราช,25/3/2017,84.00,ความชื้นสัมพัทธ์
732,552301,นครศรีธรรมราช,นครศรีธรรมราช,25/3/2017,14.00,ความเร็วลมสุงสุด
733,552301,นครศรีธรรมราช,นครศรีธรรมราช,25/3/2017,3.40,ปริมาณฝน
734,552301,นครศรีธรรมราช,นครศรีธรรมราช,25/4/2017,82.00,ความชื้นสัมพัทธ์
735,552301,นครศรีธรรมราช,นครศรีธรรมราช,25/4/2017,12.00,ความเร็วลมสุงสุด
736,552301,นครศรีธรรมราช,นครศรีธรรมราช,25/4/2017,0.00,ปริมาณฝน
737,552301,นครศรีธรรมราช,นครศรีธรรมราช,25/9/2017,87.00,ความชื้นสัมพัทธ์
738,552301,นครศรีธรรมราช,นครศรีธรรมราช,25/9/2017,0.40,ปริมาณฝน
739,552301,นครศรีธรรมราช,นครศรีธรรมราช,25/10/2017,89.00,ความชื้นสัมพัทธ์
740,552301,นครศรีธรรมราช,นครศรีธรรมราช,25/10/2017,3.40,ปริมาณฝน
741,552301,นครศรีธรรมราช,นครศรีธรรมราช,26/1/2017,96.00,ความชื้นสัมพัทธ์
742,552301,นครศรีธรรมราช,นครศรีธรรมราช,26/1/2017,10.00,ความเร็วลมสุงสุด
743,552301,นครศรีธรรมราช,นครศรีธรรมราช,26/1/2017,0.00,ปริมาณฝน
744,552301,นครศรีธรรมราช,นครศรีธรรมราช,26/2/2017,83.00,ความชื้นสัมพัทธ์
745,552301,นครศรีธรรมราช,นครศรีธรรมราช,26/2/2017,6.00,ความเร็วลมสุงสุด
746,552301,นครศรีธรรมราช,นครศรีธรรมราช,26/2/2017,0.00,ปริมาณฝน
747,552301,นครศรีธรรมราช,นครศรีธรรมราช,26/8/2017,80.00,ความชื้นสัมพัทธ์
748,552301,นครศรีธรรมราช,นครศรีธรรมราช,26/8/2017,0.00,ปริมาณฝน
749,552301,นครศรีธรรมราช,นครศรีธรรมราช,27/10/2017,89.00,ความชื้นสัมพัทธ์
750,552301,นครศรีธรรมราช,นครศรีธรรมราช,27/10/2017,2.60,ปริมาณฝน
751,552301,นครศรีธรรมราช,นครศรีธรรมราช,27/12/2017,90.00,ความชื้นสัมพัทธ์
752,552301,นครศรีธรรมราช,นครศรีธรรมราช,27/12/2017,0.00,ปริมาณฝน
753,552301,นครศรีธรรมราช,นครศรีธรรมราช,28/1/2017,88.00,ความชื้นสัมพัทธ์
754,552301,นครศรีธรรมราช,นครศรีธรรมราช,28/1/2017,8.00,ความเร็วลมสุงสุด
755,552301,นครศรีธรรมราช,นครศรีธรรมราช,28/1/2017,0.00,ปริมาณฝน
756,552301,นครศรีธรรมราช,นครศรีธรรมราช,28/2/2017,82.00,ความชื้นสัมพัทธ์
757,552301,นครศรีธรรมราช,นครศรีธรรมราช,28/2/2017,10.00,ความเร็วลมสุงสุด
758,552301,นครศรีธรรมราช,นครศรีธรรมราช,28/2/2017,0.80,ปริมาณฝน
759,552301,นครศรีธรรมราช,นครศรีธรรมราช,28/8/2017,85.00,ความชื้นสัมพัทธ์
760,552301,นครศรีธรรมราช,นครศรีธรรมราช,28/8/2017,0.00,ปริมาณฝน
761,552301,นครศรีธรรมราช,นครศรีธรรมราช,28/9/2017,84.00,ความชื้นสัมพัทธ์
762,552301,นครศรีธรรมราช,นครศรีธรรมราช,28/9/2017,0.00,ปริมาณฝน
763,552301,นครศรีธรรมราช,นครศรีธรรมราช,29/3/2017,92.00,ความชื้นสัมพัทธ์
764,552301,นครศรีธรรมราช,นครศรีธรรมราช,29/3/2017,4.00,ความเร็วลมสุงสุด
765,552301,นครศรีธรรมราช,นครศรีธรรมราช,29/3/2017,0.00,ปริมาณฝน
766,552301,นครศรีธรรมราช,นครศรีธรรมราช,29/11/2017,99.00,ความชื้นสัมพัทธ์
767,552301,นครศรีธรรมราช,นครศรีธรรมราช,29/11/2017,0.00,ปริมาณฝน
768,552301,นครศรีธรรมราช,นครศรีธรรมราช,29/12/2017,91.00,ความชื้นสัมพัทธ์
769,552301,นครศรีธรรมราช,นครศรีธรรมราช,29/12/2017,0.00,ปริมาณฝน
770,552301,นครศรีธรรมราช,นครศรีธรรมราช,30/8/2017,88.00,ความชื้นสัมพัทธ์
771,552301,นครศรีธรรมราช,นครศรีธรรมราช,30/8/2017,6.40,ปริมาณฝน
772,552301,นครศรีธรรมราช,นครศรีธรรมราช,30/10/2017,89.00,ความชื้นสัมพัทธ์
773,552301,นครศรีธรรมราช,นครศรีธรรมราช,30/10/2017,2.00,ปริมาณฝน
774,552301,นครศรีธรรมราช,นครศรีธรรมราช,31/5/2017,80.00,ความชื้นสัมพัทธ์
775,552301,นครศรีธรรมราช,นครศรีธรรมราช,31/5/2017,0.00,ความเร็วลมสุงสุด
776,552301,นครศรีธรรมราช,นครศรีธรรมราช,31/5/2017,0.00,ปริมาณฝน
777,552301,นครศรีธรรมราช,นครศรีธรรมราช,31/7/2017,83.00,ความชื้นสัมพัทธ์
778,552301,นครศรีธรรมราช,นครศรีธรรมราช,31/7/2017,0.00,ปริมาณฝน
779,552301,นครศรีธรรมราช,นครศรีธรรมราช,31/8/2017,83.00,ความชื้นสัมพัทธ์
780,552301,นครศรีธรรมราช,นครศรีธรรมราช,31/8/2017,0.00,ปริมาณฝน
781,552301,นครศรีธรรมราช,นครศรีธรรมราช,15/1/2017,88.00,ความชื้นสัมพัทธ์
782,552301,นครศรีธรรมราช,นครศรีธรรมราช,15/1/2017,10.00,ความเร็วลมสุงสุด
783,552301,นครศรีธรรมราช,นครศรีธรรมราช,15/1/2017,0.00,ปริมาณฝน
784,552301,นครศรีธรรมราช,นครศรีธรรมราช,15/5/2017,87.00,ความชื้นสัมพัทธ์
785,552301,นครศรีธรรมราช,นครศรีธรรมราช,15/5/2017,0.00,ความเร็วลมสุงสุด
786,552301,นครศรีธรรมราช,นครศรีธรรมราช,15/5/2017,0.00,ปริมาณฝน
787,552301,นครศรีธรรมราช,นครศรีธรรมราช,15/10/2017,78.00,ความชื้นสัมพัทธ์
788,552301,นครศรีธรรมราช,นครศรีธรรมราช,15/10/2017,0.00,ปริมาณฝน
789,552301,นครศรีธรรมราช,นครศรีธรรมราช,15/12/2017,87.00,ความชื้นสัมพัทธ์
790,552301,นครศรีธรรมราช,นครศรีธรรมราช,15/12/2017,0.00,ปริมาณฝน
791,552301,นครศรีธรรมราช,นครศรีธรรมราช,16/3/2017,85.00,ความชื้นสัมพัทธ์
792,552301,นครศรีธรรมราช,นครศรีธรรมราช,16/3/2017,10.00,ความเร็วลมสุงสุด
793,552301,นครศรีธรรมราช,นครศรีธรรมราช,16/3/2017,0.00,ปริมาณฝน
794,552301,นครศรีธรรมราช,นครศรีธรรมราช,16/5/2017,85.00,ความชื้นสัมพัทธ์
795,552301,นครศรีธรรมราช,นครศรีธรรมราช,16/5/2017,0.00,ความเร็วลมสุงสุด
796,552301,นครศรีธรรมราช,นครศรีธรรมราช,16/5/2017,0.00,ปริมาณฝน
797,552301,นครศรีธรรมราช,นครศรีธรรมราช,16/6/2017,78.00,ความชื้นสัมพัทธ์
798,552301,นครศรีธรรมราช,นครศรีธรรมราช,16/6/2017,0.00,ปริมาณฝน
799,552301,นครศรีธรรมราช,นครศรีธรรมราช,16/7/2017,80.00,ความชื้นสัมพัทธ์
800,552301,นครศรีธรรมราช,นครศรีธรรมราช,16/7/2017,0.00,ปริมาณฝน
801,552301,นครศรีธรรมราช,นครศรีธรรมราช,16/9/2017,85.00,ความชื้นสัมพัทธ์
802,552301,นครศรีธรรมราช,นครศรีธรรมราช,16/9/2017,0.00,ปริมาณฝน
803,552301,นครศรีธรรมราช,นครศรีธรรมราช,16/11/2017,90.00,ความชื้นสัมพัทธ์
804,552301,นครศรีธรรมราช,นครศรีธรรมราช,16/11/2017,0.00,ปริมาณฝน
805,552301,นครศรีธรรมราช,นครศรีธรรมราช,17/6/2017,82.00,ความชื้นสัมพัทธ์
806,552301,นครศรีธรรมราช,นครศรีธรรมราช,17/6/2017,6.40,ปริมาณฝน
807,552301,นครศรีธรรมราช,นครศรีธรรมราช,17/10/2017,79.00,ความชื้นสัมพัทธ์
808,552301,นครศรีธรรมราช,นครศรีธรรมราช,17/10/2017,0.00,ปริมาณฝน
809,552301,นครศรีธรรมราช,นครศรีธรรมราช,17/12/2017,96.00,ความชื้นสัมพัทธ์
810,552301,นครศรีธรรมราช,นครศรีธรรมราช,17/12/2017,33.70,ปริมาณฝน
811,552301,นครศรีธรรมราช,นครศรีธรรมราช,18/5/2017,88.00,ความชื้นสัมพัทธ์
812,552301,นครศรีธรรมราช,นครศรีธรรมราช,18/5/2017,0.00,ความเร็วลมสุงสุด
813,552301,นครศรีธรรมราช,นครศรีธรรมราช,18/5/2017,0.40,ปริมาณฝน
814,552301,นครศรีธรรมราช,นครศรีธรรมราช,18/9/2017,89.00,ความชื้นสัมพัทธ์
815,552301,นครศรีธรรมราช,นครศรีธรรมราช,18/9/2017,1.10,ปริมาณฝน
816,552301,นครศรีธรรมราช,นครศรีธรรมราช,19/1/2017,89.00,ความชื้นสัมพัทธ์
817,552301,นครศรีธรรมราช,นครศรีธรรมราช,19/1/2017,6.00,ความเร็วลมสุงสุด
818,552301,นครศรีธรรมราช,นครศรีธรรมราช,19/1/2017,0.00,ปริมาณฝน
819,552301,นครศรีธรรมราช,นครศรีธรรมราช,19/6/2017,76.00,ความชื้นสัมพัทธ์
820,552301,นครศรีธรรมราช,นครศรีธรรมราช,19/6/2017,0.00,ปริมาณฝน
821,552301,นครศรีธรรมราช,นครศรีธรรมราช,19/8/2017,80.00,ความชื้นสัมพัทธ์
822,552301,นครศรีธรรมราช,นครศรีธรรมราช,19/8/2017,0.00,ปริมาณฝน
823,552301,นครศรีธรรมราช,นครศรีธรรมราช,20/2/2017,84.00,ความชื้นสัมพัทธ์
824,552301,นครศรีธรรมราช,นครศรีธรรมราช,20/2/2017,8.00,ความเร็วลมสุงสุด
825,552301,นครศรีธรรมราช,นครศรีธรรมราช,20/2/2017,0.00,ปริมาณฝน
826,552301,นครศรีธรรมราช,นครศรีธรรมราช,20/6/2017,79.00,ความชื้นสัมพัทธ์
827,552301,นครศรีธรรมราช,นครศรีธรรมราช,20/6/2017,0.00,ปริมาณฝน
828,552301,นครศรีธรรมราช,นครศรีธรรมราช,20/7/2017,82.00,ความชื้นสัมพัทธ์
829,552301,นครศรีธรรมราช,นครศรีธรรมราช,20/7/2017,0.00,ปริมาณฝน
830,552301,นครศรีธรรมราช,นครศรีธรรมราช,21/2/2017,84.00,ความชื้นสัมพัทธ์
831,552301,นครศรีธรรมราช,นครศรีธรรมราช,21/2/2017,6.00,ความเร็วลมสุงสุด
832,552301,นครศรีธรรมราช,นครศรีธรรมราช,21/2/2017,0.00,ปริมาณฝน
833,552301,นครศรีธรรมราช,นครศรีธรรมราช,21/4/2017,89.00,ความชื้นสัมพัทธ์
834,552301,นครศรีธรรมราช,นครศรีธรรมราช,21/4/2017,8.00,ความเร็วลมสุงสุด
835,552301,นครศรีธรรมราช,นครศรีธรรมราช,21/4/2017,0.00,ปริมาณฝน
836,552301,นครศรีธรรมราช,นครศรีธรรมราช,21/6/2017,85.00,ความชื้นสัมพัทธ์
837,552301,นครศรีธรรมราช,นครศรีธรรมราช,21/6/2017,0.00,ปริมาณฝน
838,552301,นครศรีธรรมราช,นครศรีธรรมราช,21/9/2017,88.00,ความชื้นสัมพัทธ์
839,552301,นครศรีธรรมราช,นครศรีธรรมราช,21/9/2017,0.00,ปริมาณฝน
840,552301,นครศรีธรรมราช,นครศรีธรรมราช,21/11/2017,87.00,ความชื้นสัมพัทธ์
841,552301,นครศรีธรรมราช,นครศรีธรรมราช,21/11/2017,0.00,ปริมาณฝน
842,552301,นครศรีธรรมราช,นครศรีธรรมราช,22/9/2017,84.00,ความชื้นสัมพัทธ์
843,552301,นครศรีธรรมราช,นครศรีธรรมราช,22/9/2017,0.00,ปริมาณฝน
844,552301,นครศรีธรรมราช,นครศรีธรรมราช,23/7/2017,80.00,ความชื้นสัมพัทธ์
845,552301,นครศรีธรรมราช,นครศรีธรรมราช,23/7/2017,0.00,ปริมาณฝน
846,552301,นครศรีธรรมราช,นครศรีธรรมราช,24/3/2017,81.00,ความชื้นสัมพัทธ์
847,552301,นครศรีธรรมราช,นครศรีธรรมราช,24/3/2017,8.00,ความเร็วลมสุงสุด
848,552301,นครศรีธรรมราช,นครศรีธรรมราช,24/3/2017,0.00,ปริมาณฝน
849,552301,นครศรีธรรมราช,นครศรีธรรมราช,25/12/2017,88.00,ความชื้นสัมพัทธ์
850,552301,นครศรีธรรมราช,นครศรีธรรมราช,25/12/2017,8.20,ปริมาณฝน
851,552301,นครศรีธรรมราช,นครศรีธรรมราช,26/6/2017,83.00,ความชื้นสัมพัทธ์
852,552301,นครศรีธรรมราช,นครศรีธรรมราช,26/6/2017,0.00,ปริมาณฝน
853,552301,นครศรีธรรมราช,นครศรีธรรมราช,27/1/2017,96.00,ความชื้นสัมพัทธ์
854,552301,นครศรีธรรมราช,นครศรีธรรมราช,27/1/2017,6.00,ความเร็วลมสุงสุด
855,552301,นครศรีธรรมราช,นครศรีธรรมราช,27/1/2017,9.60,ปริมาณฝน
856,552301,นครศรีธรรมราช,นครศรีธรรมราช,27/3/2017,84.00,ความชื้นสัมพัทธ์
857,552301,นครศรีธรรมราช,นครศรีธรรมราช,27/3/2017,10.00,ความเร็วลมสุงสุด
858,552301,นครศรีธรรมราช,นครศรีธรรมราช,27/3/2017,0.70,ปริมาณฝน
859,552301,นครศรีธรรมราช,นครศรีธรรมราช,27/11/2017,92.00,ความชื้นสัมพัทธ์
860,552301,นครศรีธรรมราช,นครศรีธรรมราช,27/11/2017,1.80,ปริมาณฝน
861,552301,นครศรีธรรมราช,นครศรีธรรมราช,28/7/2017,76.00,ความชื้นสัมพัทธ์
862,552301,นครศรีธรรมราช,นครศรีธรรมราช,28/7/2017,0.30,ปริมาณฝน
863,552301,นครศรีธรรมราช,นครศรีธรรมราช,28/10/2017,89.00,ความชื้นสัมพัทธ์
864,552301,นครศรีธรรมราช,นครศรีธรรมราช,28/10/2017,0.00,ปริมาณฝน
865,552301,นครศรีธรรมราช,นครศรีธรรมราช,29/1/2017,88.00,ความชื้นสัมพัทธ์
866,552301,นครศรีธรรมราช,นครศรีธรรมราช,29/1/2017,10.00,ความเร็วลมสุงสุด
867,552301,นครศรีธรรมราช,นครศรีธรรมราช,29/1/2017,0.00,ปริมาณฝน
868,552301,นครศรีธรรมราช,นครศรีธรรมราช,29/2/2017,0.00,ความชื้นสัมพัทธ์
869,552301,นครศรีธรรมราช,นครศรีธรรมราช,29/2/2017,0.00,ความเร็วลมสุงสุด
870,552301,นครศรีธรรมราช,นครศรีธรรมราช,29/2/2017,0.00,ปริมาณฝน
871,552301,นครศรีธรรมราช,นครศรีธรรมราช,29/4/2017,85.00,ความชื้นสัมพัทธ์
872,552301,นครศรีธรรมราช,นครศรีธรรมราช,29/4/2017,10.00,ความเร็วลมสุงสุด
873,552301,นครศรีธรรมราช,นครศรีธรรมราช,29/4/2017,0.00,ปริมาณฝน
874,552301,นครศรีธรรมราช,นครศรีธรรมราช,29/5/2017,86.00,ความชื้นสัมพัทธ์
875,552301,นครศรีธรรมราช,นครศรีธรรมราช,29/5/2017,0.00,ความเร็วลมสุงสุด
876,552301,นครศรีธรรมราช,นครศรีธรรมราช,29/5/2017,0.00,ปริมาณฝน
877,552301,นครศรีธรรมราช,นครศรีธรรมราช,29/6/2017,78.00,ความชื้นสัมพัทธ์
878,552301,นครศรีธรรมราช,นครศรีธรรมราช,29/6/2017,0.00,ปริมาณฝน
879,552301,นครศรีธรรมราช,นครศรีธรรมราช,29/8/2017,84.00,ความชื้นสัมพัทธ์
880,552301,นครศรีธรรมราช,นครศรีธรรมราช,29/8/2017,0.00,ปริมาณฝน
881,552301,นครศรีธรรมราช,นครศรีธรรมราช,29/10/2017,86.00,ความชื้นสัมพัทธ์
882,552301,นครศรีธรรมราช,นครศรีธรรมราช,29/10/2017,0.00,ปริมาณฝน
883,552301,นครศรีธรรมราช,นครศรีธรรมราช,30/4/2017,87.00,ความชื้นสัมพัทธ์
884,552301,นครศรีธรรมราช,นครศรีธรรมราช,30/4/2017,10.00,ความเร็วลมสุงสุด
885,552301,นครศรีธรรมราช,นครศรีธรรมราช,30/4/2017,5.90,ปริมาณฝน
886,552301,นครศรีธรรมราช,นครศรีธรรมราช,30/6/2017,82.00,ความชื้นสัมพัทธ์
887,552301,นครศรีธรรมราช,นครศรีธรรมราช,30/6/2017,29.90,ปริมาณฝน
888,552301,นครศรีธรรมราช,นครศรีธรรมราช,30/9/2017,88.00,ความชื้นสัมพัทธ์
889,552301,นครศรีธรรมราช,นครศรีธรรมราช,30/9/2017,0.00,ปริมาณฝน
890,552301,นครศรีธรรมราช,นครศรีธรรมราช,30/12/2017,96.00,ความชื้นสัมพัทธ์
891,552301,นครศรีธรรมราช,นครศรีธรรมราช,30/12/2017,26.80,ปริมาณฝน
892,552301,นครศรีธรรมราช,นครศรีธรรมราช,31/2/2017,0.00,ความชื้นสัมพัทธ์
893,552301,นครศรีธรรมราช,นครศรีธรรมราช,31/2/2017,0.00,ความเร็วลมสุงสุด
894,552301,นครศรีธรรมราช,นครศรีธรรมราช,31/2/2017,0.00,ปริมาณฝน
895,552301,นครศรีธรรมราช,นครศรีธรรมราช,31/4/2017,0.00,ความชื้นสัมพัทธ์
896,552301,นครศรีธรรมราช,นครศรีธรรมราช,31/4/2017,0.00,ความเร็วลมสุงสุด
897,552301,นครศรีธรรมราช,นครศรีธรรมราช,31/4/2017,0.00,ปริมาณฝน
898,552301,นครศรีธรรมราช,นครศรีธรรมราช,31/6/2017,0.00,ความชื้นสัมพัทธ์
899,552301,นครศรีธรรมราช,นครศรีธรรมราช,31/6/2017,0.00,ปริมาณฝน